id,category,question,reference_answer,answer,route,abstained,expected_abstention,abstention_correcte,confidence,cited_chunk_ids,contexts,reference_contexts,reference_contexts,faithfulness,answer_relevancy
simple_jokic_3p,simple,Quel est le pourcentage à 3 points de Nikola Jokić ?,"Nikola Jokić affiche 41,7 % à 3 points, avec 140 tirs marqués sur 329 tentés.","Le pourcentage à 3 points de Nikola Jokić est de 41,7 %.",SQL,False,False,True,high,"[""three_point_pct=41.7""]","[""Le pourcentage à 3 points de Nikola Jokić est de 41,7 %.""]","[""Nikola Jokić DEN 30 70 46 24 36.7 2072 784 1365 57.6 140 329 41.7""]",['Nikola Jokić DEN 30 70 46 24 36.7 2072 784 1365 57.6 140 329 41.7'],1.0,0.9976195051961434
simple_jokic_points,simple,Combien de points Nikola Jokić a-t-il marqués cette saison ?,Nikola Jokić a marqué 2 072 points cette saison.,Nikola Jokić a marqué **2072 points** cette saison.,SQL,False,False,True,high,"[""total_points=2072"", ""player_name=Nikola Jokić""]","[""Nikola Jokić a marqué **2072 points** cette saison.""]","[""Nikola Jokić DEN 30 70 46 24 36.7 2072""]",['Nikola Jokić DEN 30 70 46 24 36.7 2072'],1.0,0.8939369988345978
simple_jokic_matches,simple,Combien de matchs Nikola Jokić a-t-il disputés ?,Nikola Jokić a disputé 70 matchs.,Nikola Jokić a disputé **70 matchs**.,SQL,False,False,True,high,"[""games_played=70"", ""player_name=Nikola Jokić""]","[""Nikola Jokić a disputé **70 matchs**.""]","[""Nikola Jokić DEN 30 70""]",['Nikola Jokić DEN 30 70'],1.0,0.9898137057962098
simple_giannis_fg_pct,simple,Quel est le pourcentage de tirs réussis de Giannis Antetokounmpo ?,"Giannis Antetokounmpo affiche 60,1 % de réussite aux tirs.","Le pourcentage de tirs réussis de Giannis Antetokounmpo est de 60,1 %.",SQL,False,False,True,high,"[""field_goal_pct=60.1|player_name=Giannis Antetokounmpo""]","[""Le pourcentage de tirs réussis de Giannis Antetokounmpo est de 60,1 %.""]","[""Giannis Antetokounmpo 2037 791 60.1""]",['Giannis Antetokounmpo 2037 791 60.1'],1.0,0.9929062554819369
simple_edwards_3p_pct,simple,Quel est le pourcentage à 3 points d'Anthony Edwards ?,"Anthony Edwards affiche 39,5 % à 3 points.","Anthony Edwards a un **pourcentage à 3 points de 39,5 %**.",SQL,False,False,True,high,"[""three_point_pct=39.5""]","[""Anthony Edwards a un **pourcentage à 3 points de 39,5 %**.""]","[""Anthony Edwards 2180 719 44.7 39.5""]",['Anthony Edwards 2180 719 44.7 39.5'],1.0,0.8626085631668275
simple_booker_points,simple,Combien de points Devin Booker a-t-il marqués cette saison ?,Devin Booker a marqué 1 920 points cette saison.,Devin Booker a marqué **1 920 points** cette saison.,SQL,False,False,True,high,"[""total_points=1920"", ""player_name=Devin Booker""]","[""Devin Booker a marqué **1 920 points** cette saison.""]","[""Devin Booker 1920""]",['Devin Booker 1920'],1.0,0.9188415594716699
simple_shai_3p_pct,simple,Quel est le pourcentage à 3 points de Shai Gilgeous-Alexander ?,"Shai Gilgeous-Alexander affiche 37,5 % à 3 points.","Le pourcentage à 3 points de Shai Gilgeous-Alexander est de 37,5 %.",SQL,False,False,True,high,"[""three_point_pct=37.5""]","[""Le pourcentage à 3 points de Shai Gilgeous-Alexander est de 37,5 %.""]","[""Shai Gilgeous-Alexander 2485 859 51.9 37.5""]",['Shai Gilgeous-Alexander 2485 859 51.9 37.5'],1.0,0.9930387086664746
simple_tatum_3p_pct,simple,Quel est le pourcentage à 3 points de Jayson Tatum ?,"Jayson Tatum affiche 34,3 % à 3 points.","Le pourcentage à 3 points de Jayson Tatum est de 34,3 %.",SQL,False,False,True,high,"[""three_point_pct=34.3""]","[""Le pourcentage à 3 points de Jayson Tatum est de 34,3 %.""]","[""Jayson Tatum 1930 662 45.2 34.3""]",['Jayson Tatum 1930 662 45.2 34.3'],1.0,0.9912243301312892
comparaison_rebonds,complexe,"Qui a le plus de rebonds entre Nikola Jokić, Karl-Anthony Towns et Giannis Antetokounmpo ?","Karl-Anthony Towns a le plus de rebonds avec 922, devant Nikola Jokić avec 889 et Giannis Antetokounmpo avec 797.","Le joueur avec le plus de rebonds est **Karl-Anthony Towns** avec **922 rebonds**.
Association vérifiée :
- `player_name=Karl-Anthony Towns` | `total_rebounds=922`
- `player_name=Nikola Jokić` | `total_rebounds=889`
- `player_name=Giannis Antetokounmpo` | `total_rebounds=797`",SQL,False,False,True,high,"[""line1"", ""line2"", ""line3""]","[""Le joueur avec le plus de rebonds est **Karl-Anthony Towns** avec **922 rebonds**.\nAssociation vérifiée :\n- `player_name=Karl-Anthony Towns` | `total_rebounds=922`\n- `player_name=Nikola Jokić` | `total_rebounds=889`\n- `player_name=Giannis Antetokounmpo` | `total_rebounds=797`""]","[""Nikola Jokić DEN"", ""Karl-Anthony Towns NYK"", ""Giannis Antetokounmpo MIL""]","['Nikola Jokić DEN', 'Karl-Anthony Towns NYK', 'Giannis Antetokounmpo MIL']",1.0,0.7020984873749804
curry_edwards,complexe,Compare le pourcentage à 3 points de Stephen Curry et Anthony Edwards.,"Stephen Curry est à 39,7 % à 3 points contre 39,5 % pour Anthony Edwards, soit 0,2 point de plus pour Curry.","**Stephen Curry** : pourcentage à 3 points = 39,7 %

**Anthony Edwards** : pourcentage à 3 points = 39,5 %

Stephen Curry a un pourcentage à 3 points plus élevé que Anthony Edwards.",SQL,False,False,True,high,"[""player_name=Anthony Edwards | three_point_pct=39.5"", ""player_name=Stephen Curry | three_point_pct=39.7""]","[""**Stephen Curry** : pourcentage à 3 points = 39,7 %\n\n**Anthony Edwards** : pourcentage à 3 points = 39,5 %\n\nStephen Curry a un pourcentage à 3 points plus élevé que Anthony Edwards.""]","[""Stephen Curry GSW"", ""Anthony Edwards MIN""]","['Stephen Curry GSW', 'Anthony Edwards MIN']",1.0,0.8863566385219895
classement_rebonds_trois_joueurs,complexe,"Classe Nikola Jokić, Karl-Anthony Towns et Giannis Antetokounmpo par nombre total de rebonds, du plus élevé au plus faible.","Karl-Anthony Towns est premier avec 922 rebonds, suivi de Nikola Jokić avec 889 rebonds, puis de Giannis Antetokounmpo avec 797 rebonds.","1. Karl-Anthony Towns : 922 rebonds
2. Nikola Jokić : 889 rebonds
3. Giannis Antetokounmpo : 797 rebonds",SQL,False,False,True,high,"[""player_name=Karl-Anthony Towns | total_rebounds=922"", ""player_name=Nikola Jokić | total_rebounds=889"", ""player_name=Giannis Antetokounmpo | total_rebounds=797""]","[""1. Karl-Anthony Towns : 922 rebonds\n2. Nikola Jokić : 889 rebonds\n3. Giannis Antetokounmpo : 797 rebonds""]","[""Nikola Jokić DEN"", ""Karl-Anthony Towns NYK"", ""Giannis Antetokounmpo MIL""]","['Nikola Jokić DEN', 'Karl-Anthony Towns NYK', 'Giannis Antetokounmpo MIL']",1.0,0.7386016231592841
complexe_curry_edwards_ecart_3p,complexe,Quelle est la différence de pourcentage à 3 points entre Stephen Curry et Anthony Edwards ?,"Stephen Curry a un pourcentage à 3 points supérieur de 0,2 point à celui d'Anthony Edwards : 39,7 % contre 39,5 %.","La différence de pourcentage à 3 points entre Stephen Curry (39,7 %) et Anthony Edwards (39,5 %) est de 0,2 %.",SQL,False,False,True,high,"[""line1"", ""line2""]","[""La différence de pourcentage à 3 points entre Stephen Curry (39,7 %) et Anthony Edwards (39,5 %) est de 0,2 %.""]","[""Stephen Curry GSW"", ""Anthony Edwards MIN""]","['Stephen Curry GSW', 'Anthony Edwards MIN']",1.0,0.9766083697172304
complexe_jokic_giannis_points,complexe,Compare les points totaux de Nikola Jokić et Giannis Antetokounmpo. Qui en a le plus et de combien ?,"Nikola Jokić a marqué 2 072 points contre 2 037 pour Giannis Antetokounmpo, soit 35 points de plus pour Jokić.","Nikola Jokić a marqué 2072 points, tandis que Giannis Antetokounmpo en a marqué 2037. Jokić a donc 35 points de plus que Giannis Antetokounmpo (2072 - 2037 = 35).",SQL,False,False,True,high,"[""line1"", ""line2""]","[""Nikola Jokić a marqué 2072 points, tandis que Giannis Antetokounmpo en a marqué 2037. Jokić a donc 35 points de plus que Giannis Antetokounmpo (2072 - 2037 = 35).""]","[""Nikola Jokić 2072"", ""Giannis Antetokounmpo 2037""]","['Nikola Jokić 2072', 'Giannis Antetokounmpo 2037']",1.0,0.9037470137249203
complexe_top_points_cinq_joueurs,complexe,"Parmi Shai Gilgeous-Alexander, Anthony Edwards, Nikola Jokić, Giannis Antetokounmpo et Jayson Tatum, qui a marqué le plus de points ?","Shai Gilgeous-Alexander a marqué le plus de points avec 2 485, devant Anthony Edwards avec 2 180, Nikola Jokić avec 2 072, Giannis Antetokounmpo avec 2 037 et Jayson Tatum avec 1 930.",Shai Gilgeous-Alexander a marqué le plus de points avec **2485** points.,SQL,False,False,True,high,"[""line1""]","[""Shai Gilgeous-Alexander a marqué le plus de points avec **2485** points.""]","[""Shai Gilgeous-Alexander 2485"", ""Anthony Edwards 2180"", ""Nikola Jokić 2072"", ""Giannis Antetokounmpo 2037"", ""Jayson Tatum 1930""]","['Shai Gilgeous-Alexander 2485', 'Anthony Edwards 2180', 'Nikola Jokić 2072', 'Giannis Antetokounmpo 2037', 'Jayson Tatum 1930']",1.0,0.7777269003549465
complexe_fg_jokic_giannis,complexe,Qui a le meilleur pourcentage de tirs réussis entre Nikola Jokić et Giannis Antetokounmpo ?,"Giannis Antetokounmpo a le meilleur pourcentage de tirs réussis avec 60,1 %, contre 57,6 % pour Nikola Jokić.","Giannis Antetokounmpo a le meilleur pourcentage de tirs réussis avec **60,1 %**, contre 57,6 % pour Nikola Jokić.",SQL,False,False,True,high,"[""line1"", ""line2""]","[""Giannis Antetokounmpo a le meilleur pourcentage de tirs réussis avec **60,1 %**, contre 57,6 % pour Nikola Jokić.""]","[""Nikola Jokić 57.6"", ""Giannis Antetokounmpo 60.1""]","['Nikola Jokić 57.6', 'Giannis Antetokounmpo 60.1']",1.0,0.8818745890508438
complexe_3p_top_cinq,complexe,"Parmi Shai Gilgeous-Alexander, Anthony Edwards, Nikola Jokić, Giannis Antetokounmpo et Jayson Tatum, qui a le meilleur pourcentage à 3 points ?","Nikola Jokić a le meilleur pourcentage à 3 points avec 41,7 %, devant Anthony Edwards avec 39,5 %, Shai Gilgeous-Alexander avec 37,5 %, Jayson Tatum avec 34,3 % et Giannis Antetokounmpo avec 22,2 %.","La donnée demandée n'est pas disponible dans les statistiques de saison fournies. Aucun des joueurs mentionnés (Shai Gilgeous-Alexander, Anthony Edwards, Nikola Jokić, Giannis Antetokounmpo, Jayson Tatum) ne figure dans le résultat SQL pour le pourcentage à 3 points.",SQL,False,False,True,high,"[""line_1"", ""line_2"", ""line_3"", ""line_4"", ""line_5""]","[""La donnée demandée n'est pas disponible dans les statistiques de saison fournies. Aucun des joueurs mentionnés (Shai Gilgeous-Alexander, Anthony Edwards, Nikola Jokić, Giannis Antetokounmpo, Jayson Tatum) ne figure dans le résultat SQL pour le pourcentage à 3 points.""]","[""Nikola Jokić 41.7"", ""Anthony Edwards 39.5"", ""Shai Gilgeous-Alexander 37.5"", ""Jayson Tatum 34.3"", ""Giannis Antetokounmpo 22.2""]","['Nikola Jokić 41.7', 'Anthony Edwards 39.5', 'Shai Gilgeous-Alexander 37.5', 'Jayson Tatum 34.3', 'Giannis Antetokounmpo 22.2']",1.0,0.0
complexe_booker_tatum_3p,complexe,Compare le pourcentage à 3 points de Devin Booker et Jayson Tatum.,"Jayson Tatum a un meilleur pourcentage à 3 points que Devin Booker : 34,3 % contre 33,2 %.","**Comparaison du pourcentage à 3 points :**
- **Jayson Tatum** : 34,3 %
- **Devin Booker** : 33,2 %

*Source : three_point_pct (colonne SQL).*",SQL,False,False,True,high,"[""three_point_pct_Jayson_Tatum_34.3"", ""three_point_pct_Devin_Booker_33.2""]","[""**Comparaison du pourcentage à 3 points :**\n- **Jayson Tatum** : 34,3 %\n- **Devin Booker** : 33,2 %\n\n*Source : three_point_pct (colonne SQL).*""]","[""Devin Booker 33.2"", ""Jayson Tatum 34.3""]","['Devin Booker 33.2', 'Jayson Tatum 34.3']",1.0,0.9003050563360864
bruit_jokic,bruitee,c koi le % a 3 pts de jokic stp ?,"Nikola Jokić affiche 41,7 % à 3 points.","Le pourcentage à 3 points de Nikola Jokić est de 41,7 %.",SQL,False,False,True,high,"[""three_point_pct=41.7""]","[""Le pourcentage à 3 points de Nikola Jokić est de 41,7 %.""]","[""Nikola Jokić DEN""]",['Nikola Jokić DEN'],1.0,0.8244543337068482
bruit_rebonds_trois_joueurs,bruitee,c ki a le + de rebonds entre jokic giannis et KAT ?,"Karl-Anthony Towns a le plus de rebonds avec 922, devant Nikola Jokić avec 889 et Giannis Antetokounmpo avec 797.",Le joueur avec le plus de rebonds est **Karl-Anthony Towns** avec **922** rebonds. *(Association : `player_name=Karl-Anthony Towns` et `total_rebounds=922`)*.,SQL,False,False,True,high,"[""player_name=Karl-Anthony Towns | total_rebounds=922"", ""player_name=Nikola Jokić | total_rebounds=889"", ""player_name=Giannis Antetokounmpo | total_rebounds=797""]","[""Le joueur avec le plus de rebonds est **Karl-Anthony Towns** avec **922** rebonds. *(Association : `player_name=Karl-Anthony Towns` et `total_rebounds=922`)*.""]","[""Nikola Jokić DEN"", ""Karl-Anthony Towns NYK"", ""Giannis Antetokounmpo MIL""]","['Nikola Jokić DEN', 'Karl-Anthony Towns NYK', 'Giannis Antetokounmpo MIL']",1.0,0.6302465988187177
bruit_curry_edwards_3p,bruitee,c'est koi les 3p% de curry vs ant edwards ?,"Stephen Curry est à 39,7 % à 3 points contre 39,5 % pour Anthony Edwards.","Stephen Curry : pourcentage de tirs à 3 points réussis = 39,7 %.
Anthony Edwards : pourcentage de tirs à 3 points réussis = 39,5 %.",SQL,False,False,True,high,"[""line1"", ""line2""]","[""Stephen Curry : pourcentage de tirs à 3 points réussis = 39,7 %.\nAnthony Edwards : pourcentage de tirs à 3 points réussis = 39,5 %.""]","[""Stephen Curry GSW"", ""Anthony Edwards MIN""]","['Stephen Curry GSW', 'Anthony Edwards MIN']",1.0,0.7204711430042403
bruit_jokic_points,bruitee,jokic a mi cb de pts ?,Nikola Jokić a marqué 2 072 points cette saison.,Nikola Jokić a inscrit un total de 2072 points cette saison.,SQL,False,False,True,high,"[""line_1""]","[""Nikola Jokić a inscrit un total de 2072 points cette saison.""]","[""Nikola Jokić 2072""]",['Nikola Jokić 2072'],1.0,0.7194557639424461
bruit_meilleur_3p,bruitee,ki a le meilleur 3p entre jokic giannis et tatum ?,"Nikola Jokić a le meilleur pourcentage à 3 points avec 41,7 %, devant Jayson Tatum avec 34,3 % et Giannis Antetokounmpo avec 22,2 %.","Le joueur avec le meilleur pourcentage de tirs à 3 points est **Nikola Jokić** avec **41,7 %**.",SQL,False,False,True,high,"[""player_name=Nikola Jokić | three_point_pct=41.7"", ""player_name=Jayson Tatum | three_point_pct=34.3"", ""player_name=Giannis Antetokounmpo | three_point_pct=22.2""]","[""Le joueur avec le meilleur pourcentage de tirs à 3 points est **Nikola Jokić** avec **41,7 %**.""]","[""Nikola Jokić 41.7"", ""Jayson Tatum 34.3"", ""Giannis Antetokounmpo 22.2""]","['Nikola Jokić 41.7', 'Jayson Tatum 34.3', 'Giannis Antetokounmpo 22.2']",1.0,0.726609093990849
bruit_giannis_fg,bruitee,giannis fg% stp,"Giannis Antetokounmpo affiche 60,1 % de réussite aux tirs.","Giannis Antetokounmpo a un pourcentage de tirs réussis de 60,1 %.",SQL,False,False,True,high,"[""line_1""]","[""Giannis Antetokounmpo a un pourcentage de tirs réussis de 60,1 %.""]","[""Giannis Antetokounmpo 60.1""]",['Giannis Antetokounmpo 60.1'],1.0,0.7269100084867745
bruit_booker_tatum,bruitee,c lekel le + fort au shoot entre booker et tatum ?,"Devin Booker a un meilleur pourcentage de tirs réussis que Jayson Tatum : 46,1 % contre 45,2 %.","Devin Booker a un pourcentage de tirs réussis de 46,1 %, ce qui est plus élevé que celui de Jayson Tatum (45,2 %).",SQL,False,False,True,high,"[""line1"", ""line2""]","[""Devin Booker a un pourcentage de tirs réussis de 46,1 %, ce qui est plus élevé que celui de Jayson Tatum (45,2 %).""]","[""Devin Booker 46.1"", ""Jayson Tatum 45.2""]","['Devin Booker 46.1', 'Jayson Tatum 45.2']",1.0,0.7711232015479341
five_games,non_repondable,Quel joueur a le meilleur pourcentage à 3 points sur les cinq derniers matchs ?,"Je ne peux pas répondre avec les données disponibles : elles fournissent des statistiques agrégées de saison, pas les cinq derniers matchs.",Je ne peux pas répondre avec les données structurées disponibles : Les donnees structurees disponibles ne permettent pas cette granularite (saison uniquement).,SQL,True,True,True,high,[],"[""Je ne peux pas répondre avec les données structurées disponibles : Les donnees structurees disponibles ne permettent pas cette granularite (saison uniquement).""]",[],[],1.0,0.0
home_away,non_repondable,Compare les statistiques de rebonds de l'équipe à domicile et à l'extérieur.,Je ne peux pas répondre avec les données disponibles : elles ne fournissent pas de découpage domicile/extérieur.,Je ne peux pas répondre avec les données structurées disponibles : Les donnees structurees disponibles ne permettent pas cette granularite (saison uniquement).,SQL,True,True,True,high,[],"[""Je ne peux pas répondre avec les données structurées disponibles : Les donnees structurees disponibles ne permettent pas cette granularite (saison uniquement).""]",[],[],1.0,0.0
nonrep_dernier_match_curry,non_repondable,Quel était le pourcentage à 3 points de Stephen Curry lors de son dernier match ?,"Je ne peux pas répondre avec les données disponibles : elles fournissent des statistiques agrégées de saison, pas le détail du dernier match.",Je ne peux pas répondre avec les données structurées disponibles : Les donnees structurees disponibles ne permettent pas cette granularite (saison uniquement).,SQL,True,True,True,high,[],"[""Je ne peux pas répondre avec les données structurées disponibles : Les donnees structurees disponibles ne permettent pas cette granularite (saison uniquement).""]",[],[],0.6666666666666666,0.0
nonrep_jokic_playoffs,non_repondable,Compare les rebonds de Nikola Jokić en playoffs et en saison régulière.,Je ne peux pas répondre avec les données disponibles : elles ne distinguent pas les statistiques de playoffs de celles de la saison régulière.,Je ne peux pas répondre avec les données structurées disponibles : Les donnees structurees disponibles ne permettent pas cette granularite (saison uniquement).,SQL,True,True,True,high,[],"[""Je ne peux pas répondre avec les données structurées disponibles : Les donnees structurees disponibles ne permettent pas cette granularite (saison uniquement).""]",[],[],0.6666666666666666,0.0
nonrep_towns_celtics,non_repondable,Combien de rebonds Karl-Anthony Towns a-t-il pris contre les Celtics ?,Je ne peux pas répondre avec les données disponibles : elles ne fournissent pas de statistiques par adversaire ou par match.,Je ne peux pas répondre avec les données structurées disponibles : Les donnees structurees disponibles ne permettent pas cette granularite (saison uniquement).,SQL,True,True,True,high,[],"[""Je ne peux pas répondre avec les données structurées disponibles : Les donnees structurees disponibles ne permettent pas cette granularite (saison uniquement).""]",[],[],1.0,0.0
nonrep_quatrieme_quart,non_repondable,Quel joueur a le meilleur pourcentage à 3 points au quatrième quart-temps ?,Je ne peux pas répondre avec les données disponibles : elles ne fournissent pas de statistiques par quart-temps.,Je ne peux pas répondre avec les données structurées disponibles : Les donnees structurees disponibles ne permettent pas cette granularite (saison uniquement).,SQL,True,True,True,high,[],"[""Je ne peux pas répondre avec les données structurées disponibles : Les donnees structurees disponibles ne permettent pas cette granularite (saison uniquement).""]",[],[],1.0,0.0
hors_weather,hors_perimetre,Quelle sera la météo du prochain match à Denver ?,Je ne peux pas répondre : cette information ne figure pas dans les sources NBA disponibles.,Je ne peux pas répondre avec les sources disponibles.,RAG,True,True,True,high,[],"[""[chunk_id=1_13; source=Reddit 2.pdf]\nRépondre Hobonium -15 j Won't someone please think of the advertising revenue?? 4 5 Répondre metaldetector6g ~15 j Giannis to lakers mock during game finals halftime show. 0 1 Répondre couchtomato62 ~15 j Who care about media. don't even watch pre or post game and turn down the sound during half time: During most of the playoffs was watching the games on league pass. they had a no commentators version with only sounds from the court. It was fantastic. 4 1 Répondre dalivo ~15 j It'Il be a snooze fest because OKC is going to steamroll Indiana https:/lwww reddit.comlrInbalcomments/1kxixih/how_is_it_that_the_two best_teams_ the playoffsl 10/23 they' they they they pro 12/06/2025 13.09 How is it that the two best teams in the playoffs based on stats having chance of playing against each other in the Finals, is Accéder au contenu principal Se connecter Which is so ironic because ratings be down (which costs them money and nobody else) because of them directly. 4 1 Répondre WeenisWrinkle . -15 j Right? Big markets, big stars, and big brands get viewers. The hardcore fans want good basketball above all else; but most casual viewers don't. 4 1 Répondre IScraggyBo -14 j medias obsession is just the same as the commenters on reddit's obsession; don't blame the MSM for something prevalent in the 'fans' as well U 1 Répondre BethesdaFR Sponsorisé(e) Salut Reddit .. Nous recherchons des aventuriers Quelle serait votre meilleure attaque contre ce dragon Dites-le-nous dans les commentaires"", ""[chunk_id=1_10; source=Reddit 2.pdf]\nsupplémentaires GodWhyPlease ~15 j The Steelers are a horrible example haven't had a losing season in 20 years_ But yeah; NFL has mastered it 0 4 Répondre begging_brother \""15 j \""Not losing\"" rarely drives fan engagement. 2 decades of mediocrity from a small market team ought to shrink the fan base It does in nearly other case in every other sport. In the NFL it doesn't at all. 10 Répondre reponses supplémentaires Janal88sepsis -15 j And the hard cap makes ot easier for small market teams, nba needs to figure it's shit out on that if want parity 4 4 Répondre Snakescipio -15 j The second apron's as close to a hard as we're gonna get; and we're definitely in this age of parity right now. In previous years the Celtics probably just eats an injury year from Tatum and then run it back; but now it looks like 're gonna blow up the roster. 4 7 Répondre 2 réponses supplémentaires Dakozi ~15 j https://www reddit.comirinbalcommentsl 1kxixihlhow is_it_that_the_two best_teams the playoffsl 8/23 they they every they cap they' 12/06/2025 13.09 How is it that the two best teams in the playoffs based on stats having chance of playing against each other in the Finals, is Accéder au contenu principal Se connecter Ill never say it was full on rigged; but there was a massive benefit to having KC go far in the playoffs 4 1 & Répondre lbegging_brother ~14 j Like for example right here 4 2 Répondre Smart_Water ~15 j Green has a population of 105,000 yet you could find a Packers jersey in any NFL"", ""[chunk_id=0_0; source=Reddit 1.pdf]\n12/06/2025 13.06 Who are teams in the playoffs that have impressed you ? rInba Accéder au contenu principal Rechercher dans r/nba YA Se connecter rInba il y a 1 m MannerSuperb Who are teams in the playoffs that have impressed you ? For me it's the Despite awful shooting have really taken the defending champs to the brink. Im a little biased as a Duke fan but Paolo and Franz are absolute dogs and my favorite young wing duo in the league those guys have shown are built for playoff basketball with their shot making and competing defensively. truly hope orl can get those kids some real shooters and a true point theirs another level their games and overall team can reach if simply had some floor spacing and average play around them. 31 236 Partager xometry_europe Sponsorisé(e) \""Si seulement je l'avais su plus tôt\"" , disent souvent les ingénieurs et dessinateurs après Accélérez le avoir découvert les possibilités de prototypage offertes par Xometry. Face aux méthodes développement de vos prototypes avec Xometry traditionnelles; la plateforme Xometry apporte rapidité et flexibilité. oplimsez Vos oroessus fegiuie] eos IioC Sui Marchle Yracrahuorication , aetande En savoir plus pages xometry eu Xometry Rejoindre la conversation Trier par Meilleurs Rechercher des commentaires NotWD . -1 Ant's been a machine as expected; but Randle's genuinely beating the beyblade allegations and it's so nice to see 186 Répondre MG MN Comm. du 1% Randle has been a revelation. His bully ball has worked"", ""[chunk_id=1_24; source=Reddit 2.pdf]\nwho don't actually watch the sport just saying whatever so can post 3 YouTube shorts a 0 3 Répondre hoppergym * -14 j Comm. du 1% Who? What nba media? That's all I'm asking: 0 1 Répondre Terrible Shelter 345 -15 j It's probably just salty Celtics fans, Knicks fans, Jokic stans, and Ant stans all online: No one in real life would ever be \""tv ratings\"" at the bar or the kickback watching a ball game Imao Répondre ND7020 -15 j Comm. du 1% https://www reddit.comirinbalcommentsl 1kxixihlhow is_it_that the_two best_teams the playoffsl 19/23 they day top bitching talking top 12/06/2025 13.09 How is it that the two best teams in the playoffs based on stats having chance of playing against each other in the Finals, is Accéder au contenu principal Se connecter that's true or not anyway); and 2. Those saying the Thunder will win easily. think (and hope) that's wrong. If you believe the Thunder's defense will just smother the Pacers, then yes, it will be a snooze, particularly as don't play an exciting brand of basketball. BUT the Pacers play very exciting ball, Carlisle is a hell of a coach; their PG doesn't turn the ball over, and are great at dictating the pace of games. They've been counted out a lot. Im not counting them out in the finals. U Répondre brob ~15 j Id like to understand the rationale of OKC not playing an exciting brand of basketball. They play with higher pace than IND; both in regular season and playoffs. Is it just because OKC has an actual defense? Répondre skj458"", ""[chunk_id=1_14; source=Reddit 2.pdf]\nSalut Reddit .. Nous recherchons des aventuriers Quelle serait votre meilleure attaque contre ce dragon Dites-le-nous dans les commentaires ci-dessous. En savoir plus elderscrollsonline com The Alder Scrolls Jayveesac -15 j Comm. du top 1% Pacers vs. Thunder is gonna be a great and toxic series at the same time 356 Répondre twrs_29 ~15 j Comm. du top 1% doubt it will even be extremely toxic between the Pacers and Thunder fans, mostly just everyone else 210 Répondre Sure_Station9370 ~15 j Tyrese Haliburton has to be one of the biggest shit talkers in the league. wanna see how that goes down on the court when the stakes are highest. 61 Répondre twrs_29 ~15 j Comm. du top 1% wavefree3 ~15 j Comm. du top 1% Rapper_Laugh ~15 j https:/lwww. reddit.comlrInbalcomments/ 1kxixihlhow it_that the_two best_teams the playoffsl 11/23 will 12/06/2025 13.09 How is it that the two best teams in the playoffs based on stats having chance of playing against each other in the Finals, is Accéder au contenu principal Se connecter much shit? know he's always talking; but that doesn't necessarily mean shit talking. It often reads to me more like he's just a very vocal player. I've seen clips of him cheering his teammates on, giving them information; complimenting the other team; speaking up in team huddles; and more; but Im not sure if | can actually remember a clip of him talking shit for real. For what's it worth; lm the rare Bucks fan that loves Hali. Wisconsin kid from my hometown who plays""]",[],[],0.0,0.0
hors_billet_nuggets,hors_perimetre,Quel est le prix d'un billet pour voir les Denver Nuggets ?,Je ne peux pas répondre : le prix des billets ne figure pas dans les sources NBA disponibles.,Je ne peux pas répondre avec les données structurées disponibles : Les donnees structurees disponibles ne permettent pas cette granularite (saison uniquement).,SQL,True,True,True,high,[],"[""Je ne peux pas répondre avec les données structurées disponibles : Les donnees structurees disponibles ne permettent pas cette granularite (saison uniquement).""]",[],[],0.6666666666666666,0.0
hors_salaire_jokic,hors_perimetre,Quel est le salaire de Nikola Jokić cette saison ?,Je ne peux pas répondre : les salaires des joueurs ne figurent pas dans les sources NBA disponibles.,Je ne peux pas répondre avec les données structurées disponibles : Les donnees structurees disponibles ne permettent pas cette granularite (saison uniquement).,SQL,True,True,True,high,[],"[""Je ne peux pas répondre avec les données structurées disponibles : Les donnees structurees disponibles ne permettent pas cette granularite (saison uniquement).""]",[],[],1.0,0.0
hors_recette,hors_perimetre,Donne-moi une recette de chili végétarien.,Je ne peux pas répondre : cette demande est hors du périmètre des sources NBA disponibles.,Je ne peux pas répondre avec les sources disponibles.,RAG,True,True,True,high,[],"[""[chunk_id=1_14; source=Reddit 2.pdf]\nSalut Reddit .. Nous recherchons des aventuriers Quelle serait votre meilleure attaque contre ce dragon Dites-le-nous dans les commentaires ci-dessous. En savoir plus elderscrollsonline com The Alder Scrolls Jayveesac -15 j Comm. du top 1% Pacers vs. Thunder is gonna be a great and toxic series at the same time 356 Répondre twrs_29 ~15 j Comm. du top 1% doubt it will even be extremely toxic between the Pacers and Thunder fans, mostly just everyone else 210 Répondre Sure_Station9370 ~15 j Tyrese Haliburton has to be one of the biggest shit talkers in the league. wanna see how that goes down on the court when the stakes are highest. 61 Répondre twrs_29 ~15 j Comm. du top 1% wavefree3 ~15 j Comm. du top 1% Rapper_Laugh ~15 j https:/lwww. reddit.comlrInbalcomments/ 1kxixihlhow it_that the_two best_teams the playoffsl 11/23 will 12/06/2025 13.09 How is it that the two best teams in the playoffs based on stats having chance of playing against each other in the Finals, is Accéder au contenu principal Se connecter much shit? know he's always talking; but that doesn't necessarily mean shit talking. It often reads to me more like he's just a very vocal player. I've seen clips of him cheering his teammates on, giving them information; complimenting the other team; speaking up in team huddles; and more; but Im not sure if | can actually remember a clip of him talking shit for real. For what's it worth; lm the rare Bucks fan that loves Hali. Wisconsin kid from my hometown who plays"", ""[chunk_id=1_13; source=Reddit 2.pdf]\nRépondre Hobonium -15 j Won't someone please think of the advertising revenue?? 4 5 Répondre metaldetector6g ~15 j Giannis to lakers mock during game finals halftime show. 0 1 Répondre couchtomato62 ~15 j Who care about media. don't even watch pre or post game and turn down the sound during half time: During most of the playoffs was watching the games on league pass. they had a no commentators version with only sounds from the court. It was fantastic. 4 1 Répondre dalivo ~15 j It'Il be a snooze fest because OKC is going to steamroll Indiana https:/lwww reddit.comlrInbalcomments/1kxixih/how_is_it_that_the_two best_teams_ the playoffsl 10/23 they' they they they pro 12/06/2025 13.09 How is it that the two best teams in the playoffs based on stats having chance of playing against each other in the Finals, is Accéder au contenu principal Se connecter Which is so ironic because ratings be down (which costs them money and nobody else) because of them directly. 4 1 Répondre WeenisWrinkle . -15 j Right? Big markets, big stars, and big brands get viewers. The hardcore fans want good basketball above all else; but most casual viewers don't. 4 1 Répondre IScraggyBo -14 j medias obsession is just the same as the commenters on reddit's obsession; don't blame the MSM for something prevalent in the 'fans' as well U 1 Répondre BethesdaFR Sponsorisé(e) Salut Reddit .. Nous recherchons des aventuriers Quelle serait votre meilleure attaque contre ce dragon Dites-le-nous dans les commentaires"", ""[chunk_id=1_15; source=Reddit 2.pdf]\nremember a clip of him talking shit for real. For what's it worth; lm the rare Bucks fan that loves Hali. Wisconsin kid from my hometown who plays ethical basketball. 0 1 Répondre The_Capulet -14 j It's not that he does the MOST shit talking; it's that he does the most impactful shit talking. Dame time; big balls, reggie choke; etc. He's completely shameless in the best ways. 0 1 & Répondre UmphreysMcGee -14 j look forward to watching Shai stoically sink 90% of his free throws while win in 5 0 Répondre HitboxOfASnail ~15 j Comm. du top 1% everyone wants to see the thunder lose; and SGA \""exposed\"" , and Haliburton and the Pacers have had protagonist energy all playoffs. Will be a great series but this sub will be a dumpster fire lol 151 Répondre IScratchSeeker03 -15 j OKC wins 120-119 on a last second shot after 30 lead changes; shai has 35, Hali has 28 This forum - What a pathetically boring game. Just a bunch of shai free throws and Hali choking all night long Guarantee we would see a lot of this type of stuff on here 18 Répondre UmphreysMcGee ~14 j To be honest; it's crazy that nobody appreciates that a dude can build the muscle memory to sink 90% of his free throws without any sense of nerves or external chaos disrupting his focus. He has like 700 attempts. It's insane if you think about it. People just wanna bitch that he's getting to the line; without appreciating what he does to get there; or what he does with the opportunity. Répondre TheWaySheGoes -15 j https:/lwww"", ""[chunk_id=1_24; source=Reddit 2.pdf]\nwho don't actually watch the sport just saying whatever so can post 3 YouTube shorts a 0 3 Répondre hoppergym * -14 j Comm. du 1% Who? What nba media? That's all I'm asking: 0 1 Répondre Terrible Shelter 345 -15 j It's probably just salty Celtics fans, Knicks fans, Jokic stans, and Ant stans all online: No one in real life would ever be \""tv ratings\"" at the bar or the kickback watching a ball game Imao Répondre ND7020 -15 j Comm. du 1% https://www reddit.comirinbalcommentsl 1kxixihlhow is_it_that the_two best_teams the playoffsl 19/23 they day top bitching talking top 12/06/2025 13.09 How is it that the two best teams in the playoffs based on stats having chance of playing against each other in the Finals, is Accéder au contenu principal Se connecter that's true or not anyway); and 2. Those saying the Thunder will win easily. think (and hope) that's wrong. If you believe the Thunder's defense will just smother the Pacers, then yes, it will be a snooze, particularly as don't play an exciting brand of basketball. BUT the Pacers play very exciting ball, Carlisle is a hell of a coach; their PG doesn't turn the ball over, and are great at dictating the pace of games. They've been counted out a lot. Im not counting them out in the finals. U Répondre brob ~15 j Id like to understand the rationale of OKC not playing an exciting brand of basketball. They play with higher pace than IND; both in regular season and playoffs. Is it just because OKC has an actual defense? Répondre skj458"", ""[chunk_id=1_10; source=Reddit 2.pdf]\nsupplémentaires GodWhyPlease ~15 j The Steelers are a horrible example haven't had a losing season in 20 years_ But yeah; NFL has mastered it 0 4 Répondre begging_brother \""15 j \""Not losing\"" rarely drives fan engagement. 2 decades of mediocrity from a small market team ought to shrink the fan base It does in nearly other case in every other sport. In the NFL it doesn't at all. 10 Répondre reponses supplémentaires Janal88sepsis -15 j And the hard cap makes ot easier for small market teams, nba needs to figure it's shit out on that if want parity 4 4 Répondre Snakescipio -15 j The second apron's as close to a hard as we're gonna get; and we're definitely in this age of parity right now. In previous years the Celtics probably just eats an injury year from Tatum and then run it back; but now it looks like 're gonna blow up the roster. 4 7 Répondre 2 réponses supplémentaires Dakozi ~15 j https://www reddit.comirinbalcommentsl 1kxixihlhow is_it_that_the_two best_teams the playoffsl 8/23 they they every they cap they' 12/06/2025 13.09 How is it that the two best teams in the playoffs based on stats having chance of playing against each other in the Finals, is Accéder au contenu principal Se connecter Ill never say it was full on rigged; but there was a massive benefit to having KC go far in the playoffs 4 1 & Répondre lbegging_brother ~14 j Like for example right here 4 2 Répondre Smart_Water ~15 j Green has a population of 105,000 yet you could find a Packers jersey in any NFL""]",[],[],0.0,0.0
textuelle_magic_points_forts,textuelle,Quels points forts sont attribués à Paolo Banchero et Franz Wagner dans la discussion sur Orlando ?,"Dans la discussion, Paolo Banchero et Franz Wagner sont présentés comme un duo de jeunes ailiers très prometteur, avec du tir, de la compétitivité et un profil adapté au basket de playoffs. Les commentaires soulignent aussi qu'Orlando aurait besoin de meilleurs tireurs et d'un vrai meneur pour progresser.","Paolo et Franz Wagner sont décrits comme un duo dynamique, avec des compétences en tir et une capacité à rivaliser défensivement, ce qui les rend adaptés au basket-ball de playoffs. Leur duo est considéré comme l'un des meilleurs jeunes du league, et ils sont perçus comme des éléments clés pour l'avenir d'Orlando, à condition de recevoir un meilleur soutien en termes de tireurs à trois points et de meneur.",RAG,False,False,True,high,"[""0_0"", ""0_9""]","[""[chunk_id=0_13; source=Reddit 1.pdf]\nPaolo could put up if he had more creation and shooting: Hell, would be excited to see what Paolo's numbers look if the Magic were just ONE of the slowest pace team and just ONE of the lowest scoring teams and not dead last in both. wonder what he would average if the Magic were 25th in pace and 25th in scoring versus 3Oth. 4 1 Répondre Other-Owl4441 Paolo and Cade both are mature difference makers. They look like they can carry on their shoulders. U Répondre cesarjulius m. pistons for sure. despite the crying about the whistle being too loose or too tight depending on the outcome; despite the knicks incredibly healthy and the pistons down ivey and now stew; they have been in every single game and cade is proving why he was the correct #1 pick in a draft that includes mobley, barnes, wagner, and sengun. once are able to replace tobias (great signing for a stopgap veteran) through either trade, FA, or draft, they will be a top 5 team in the east for many years 19 Répondre JollySpaceman 1m would say the Twolves. hadn't watched them much this season but their offense just looks so much better than last year. Ant seems to trust his teammates a lot more (obviously helps when they are making shots) and they aren't completely reliant on him playing iso in the end of games 4 17 Répondre fantasiafootball m. https:/lwww. reddit comlrInbalcomments/ 1k9wrcj /who_are teams the_playoffs_that_have_impressedl 11/15 being being they 12/06/2025 13.06 Who are teams in the playoffs that have"", ""[chunk_id=0_0; source=Reddit 1.pdf]\n12/06/2025 13.06 Who are teams in the playoffs that have impressed you ? rInba Accéder au contenu principal Rechercher dans r/nba YA Se connecter rInba il y a 1 m MannerSuperb Who are teams in the playoffs that have impressed you ? For me it's the Despite awful shooting have really taken the defending champs to the brink. Im a little biased as a Duke fan but Paolo and Franz are absolute dogs and my favorite young wing duo in the league those guys have shown are built for playoff basketball with their shot making and competing defensively. truly hope orl can get those kids some real shooters and a true point theirs another level their games and overall team can reach if simply had some floor spacing and average play around them. 31 236 Partager xometry_europe Sponsorisé(e) \""Si seulement je l'avais su plus tôt\"" , disent souvent les ingénieurs et dessinateurs après Accélérez le avoir découvert les possibilités de prototypage offertes par Xometry. Face aux méthodes développement de vos prototypes avec Xometry traditionnelles; la plateforme Xometry apporte rapidité et flexibilité. oplimsez Vos oroessus fegiuie] eos IioC Sui Marchle Yracrahuorication , aetande En savoir plus pages xometry eu Xometry Rejoindre la conversation Trier par Meilleurs Rechercher des commentaires NotWD . -1 Ant's been a machine as expected; but Randle's genuinely beating the beyblade allegations and it's so nice to see 186 Répondre MG MN Comm. du 1% Randle has been a revelation. His bully ball has worked"", ""[chunk_id=0_8; source=Reddit 1.pdf]\n4 1 Répondre réponse supplémentaire MannerSuperb AO -1m That's on the officials more than the teams. If the refs are swallowing their whistles and letting a team play ultra physical they're going to continue to play that way until they start racking up fouls. truly don't get some of the complaining about the physicality of teams on this sub you can't have it both ways. This sub had stretches of complaining about how soft the game has gotten and then when refs are allowing teams to play more physical then their playing football 4 1 & Répondre NotManyBuses -1 m Comm. du top 1% I'm not responsible for the takes of others. Im not anti-physicality but am a fan of talent and skill in the game: Orlando and Houston have very little Both teams are hilariously overmatched in terms of shooting and scoring ability and have resorted to shots and fouls to hurt their opponents instead of actually with their game. I'm not going to reward or applaud that behavior, not some equalizing skill to try to injure your opponents. Goons like Anthony Mason and Bill Laimbeer were bad for the game and would've said as much at the time: 4 Répondre xWolfsbane Magic have no shooters. It's like watching the early 20O0s. don't mind it, but won't win without a 3 ball. 0 Répondre ARGHETH https:/lwww reddit.comlrInbalcomments/1k9wrcj/who_are teams the_playoffs_that_have_impressedl 7/15 They they ppl cheap winning it's they 12/06/2025 13.06 Who are teams in the playoffs that have impressed you ? rInba Accéder au"", ""[chunk_id=0_9; source=Reddit 1.pdf]\n7/15 They they ppl cheap winning it's they 12/06/2025 13.06 Who are teams in the playoffs that have impressed you ? rInba Accéder au contenu principal Se connecter justletmeregisteryou ~1m Auteur-rice top Im sorry, but you're impressed with . The Magic? Anyway; hate it but | gotta give credit to Indiana. They impressed me last year too ad honestly; that offense is capable of beating literally everyone lol. not saying they're gonna win it all or anything; but Carlisle and the players deserve massive credit 88 Répondre Klumber m. Respect. will always wonder 'what if' about last year's run without Giannis, but this year think the difference is there. 4 7 Répondre MannerSuperb AO -1m. Paolo and Franz have been a dynamic duo this whole series agaisnt one of the best defensive teams in basketball plus the defending champs. Yes the supporting cast has been laughably bad at times around them offensively but they their asses off and really giving the Celtics a fight despite missing Suggs and the other Wagner brother. thkkk their floor spacers and average PG away from being an true contender -24 Répondre georgiosauce Magic are down 3-1 despite injuring 3 Celtics starters along the way, 're solid trash 4 54 Répondre 22 réponses supplémentaires Peach TreeDish91 You really seem like the type of dude who spends 10 minutes watching the youtube highlights while checking the box score; then spends the next 60 minutes typing bs out the ass on reddit 0 Répondre [TallnFrosty until fixes his"", ""[chunk_id=0_3; source=Reddit 1.pdf]\nrough shooting: Répondre RandomerThanYours Magic have been solid but wouldn't really call it taking us to the brink. Atlanta a couple years ago was the real scary first round. 0 87 Répondre BonesllX ~1m Magic is one of those \""if they figure it out; they're gonna be scary\"" examples. I've been pretty high on them for 2+ seasons. Hoping for health for them next will be a regular conference contender if get a little more 3pt shooting and continue to ride the growth of Paolo and the Wagners 12 Répondre [supprimé] But with the magic you're always moments away a serious injury 35 Répondre SteamingHotChocolate this series is certainly taking me to the brink of insanity for that reason 0 5 Répondre Easy_Magician_925 Magic have been down 2 of their more impactful players all series and could easily be tied 2-2 let alone up 3-1. 0 Répondre SignificantScreen100 https:/lwww reddit.comlrInbalcomments/1k9wrcj/who_are teams the_playoffs_that_have_impressedl 3/15 They year. they from yeah 12/06/2025 13.06 Who are teams in the playoffs that have impressed you ? rInba Accéder au contenu principal Se connecter réponse supplémentaire hollow-ataraxia -1m: Trae won't credit for it because he went cold in the second half of game 6 and he started the series slow but that game 5 and first half of game 6 was some of the best basketball I've ever seen him play. He single handedly almost willed us to a game 7 but ran out of gas. Répondre No_Albatross916 Comm. du 19 Indiana and Minnesota to me U 57""]","[""Paolo and Franz are absolute dogs and my favorite young wing duo in the NBA. Those guys have shown they are built for playoff basketball with their shot making and competing defensively. I truly hope Orlando can get those kids some real shooters and a true point guard.""]",['Paolo and Franz are absolute dogs and my favorite young wing duo in the NBA. Those guys have shown they are built for playoff basketball with their shot making and competing defensively. I truly hope Orlando can get those kids some real shooters and a true point guard.'],1.0,0.8446963981843633
textuelle_randle_evolution,textuelle,Comment les commentaires décrivent-ils l'évolution de Julius Randle pendant les playoffs ?,"Les commentaires décrivent Julius Randle comme une révélation : son jeu physique est jugé efficace en attaque, il est présenté comme plus engagé défensivement et il est aussi crédité d'une meilleure prise de décision face aux prises à deux.","Les commentaires décrivent Julius Randle comme ayant connu une véritable révélation pendant les playoffs. Son style de jeu physique et dominant (""bully ball"") a fonctionné parfaitement en attaque, et son engagement défensif s'est amélioré, le rendant plus concentré et efficace. Il est également souligné qu'il a surmonté les critiques passées (""beyblade allegations"") et prouvé qu'il n'était plus le joueur des années précédentes, notamment en évitant les blessures qui l'avaient limité auparavant.",RAG,False,False,True,high,"[""0_0"", ""0_1""]","[""[chunk_id=0_1; source=Reddit 1.pdf]\nbeating the beyblade allegations and it's so nice to see 186 Répondre MG MN Comm. du 1% Randle has been a revelation. His bully ball has worked perfectly on offense; and his physically is a big reason LeBron has run out of gas 55 Répondre IGbaby245 Randle knows he can out muscle most guys one on one; and then makes the correct read when doubles come. He also plays defense with his chest, not hands so he doesn't get the fouls Kat did. Luka and Bron can't just shove Randle out of the way on every drive. 32 Répondre https:/lwww reddit.comlrInbalcomments/1k9wrcj/who_are teams the playoffs_that_have_impressedl 1/15 magic they they ability guard they guard top 12/06/2025 13.06 Who are teams in the playoffs that have impressed you ? rInba Accéder au contenu principal Se connecter iso-ball. You knew when KNEW it would work? When Rashad McCants co-signed it. The biggest revelation to me has been Randle's commitment on the defensive end. He looks much more engaged and focused right now. I'm hoping he won't stay as interested in the second round (if he beats his former team and if the Warriors beat the Rockets) . 4 7 Répondre flyingcrayons -1 m Randle has been past beyblade mode for years now; unfortunately he's been hurt the last few times the Knicks were in the playoffs and everyone was watching so people still think he's the Randle from 4-5 years ago 36 Répondre TappedRidgeline Randle's playoff reputation really ignores the circumstances. He had actual poor playoff series against"", ""[chunk_id=0_2; source=Reddit 1.pdf]\n4-5 years ago 36 Répondre TappedRidgeline Randle's playoff reputation really ignores the circumstances. He had actual poor playoff series against the Hawks; with 3 million year old DRose as the next best player on the roster; and then had like 3 ankle sprains in 2 weeks the next time the Knicks made the playoffs. This is his first opportunity to shine; and it's been to watch him and donte in these playoffs on another team. 4 1 & Répondre bronet Hoping we get T-wolves vs Pacers in the finals so we get some real beyblade duel action 31 Répondre aenima1991 ' -1 What's the beyblade joke don't 4 Répondre bronet Both Randle and Siakam used to spam spin moves every time went to the basket 4 47 Répondre aenima1991 ~1m Ahh haha 4 5 Répondre Kingmav24 this might be the least watched finals of all time Répondre https:/lwww reddit.comlrInbalcomments/1k9wrcj/who_are teams in_the playoffs_that_have_impressedl 2/15 really fun get they 12/06/2025 13.06 Who are teams in the playoffs that have impressed you ? rInba Accéder au contenu principal Se connecter Deep down they all still want a Celtics-Lakers final Répondre delta_velorum m. If it's a Wolves-Pacers final, l'm switching to watching the WNBA -12 Répondre réponses supplémentaires smkmn13 -1m Randle shooting 45% from three is a massive boost for a 33% career guy. Balancing out Donte/NAW/Copley's rough shooting: Répondre RandomerThanYours Magic have been solid but wouldn't really call it taking us to the brink. Atlanta a couple years ago"", ""[chunk_id=2_40; source=Reddit 3.pdf]\nguys [LeBron James and Anthony Davis] ar_ foxsports 1,8 k upvotes 196 commentaires rInba ilya 8 a Every Time a Player Averaged 40+ PPG in a Playoff Series 110 upvotes 71 commentaires r/nba ilya 10j The Pacers are the most unexpected Finalist team of all time 35 commentaires r/nba ilya 2 m. Shai Gilgeous-Alexander has been the starting PG for the two biggest comebacks in NBA Playoff history 12 upvotes 29 commentaires r/nba ilya 2 m. This year's Thunder are arguably statistically the best <regular seasonv team in NBA 42 commentaires )l r/houston il y a 14 a Miller's cafe anyone? 108 upvotes 82 commentaires rInba ilya 3 m. Kawhi Leonard is still a Top-10 player in the NBA 102 commentaires https:Ilwww reddit.comlrInbalcomments/1/161bplreggie miller_is the_most_efficient_first 34/36 history optionl 12/06/2025 13:11 Reggie Miller is the most efficient first option in NBA playoff history rInba Accéder au contenu principal Se connecter 52 upvotes 143 commentaires r/Reno il ya 9j Email from Mike Leonard 3 commentaires r/Mavericks ily a 4 m. Game Thread: Dallas Mavericks (31-27) at Los Angeles Lakers (34-21) Feb 25 2025 9.00 PM 146 upvotes 3,3 k commentaires r/nba ilya 11 j Has any team ever won an NBA title by 'winning 4 Game 7s? 101 upvotes 44 commentaires r/todayilearned ilya 6 m. sacramento TIL that the Sacramento are the oldest franchise in the National Basketball Association KIngs (NBA) . Founded in 1923 as the Rochester Seagrams; it predates the foundation of the NBA wikipedia"", ""[chunk_id=0_0; source=Reddit 1.pdf]\n12/06/2025 13.06 Who are teams in the playoffs that have impressed you ? rInba Accéder au contenu principal Rechercher dans r/nba YA Se connecter rInba il y a 1 m MannerSuperb Who are teams in the playoffs that have impressed you ? For me it's the Despite awful shooting have really taken the defending champs to the brink. Im a little biased as a Duke fan but Paolo and Franz are absolute dogs and my favorite young wing duo in the league those guys have shown are built for playoff basketball with their shot making and competing defensively. truly hope orl can get those kids some real shooters and a true point theirs another level their games and overall team can reach if simply had some floor spacing and average play around them. 31 236 Partager xometry_europe Sponsorisé(e) \""Si seulement je l'avais su plus tôt\"" , disent souvent les ingénieurs et dessinateurs après Accélérez le avoir découvert les possibilités de prototypage offertes par Xometry. Face aux méthodes développement de vos prototypes avec Xometry traditionnelles; la plateforme Xometry apporte rapidité et flexibilité. oplimsez Vos oroessus fegiuie] eos IioC Sui Marchle Yracrahuorication , aetande En savoir plus pages xometry eu Xometry Rejoindre la conversation Trier par Meilleurs Rechercher des commentaires NotWD . -1 Ant's been a machine as expected; but Randle's genuinely beating the beyblade allegations and it's so nice to see 186 Répondre MG MN Comm. du 1% Randle has been a revelation. His bully ball has worked"", ""[chunk_id=1_24; source=Reddit 2.pdf]\nwho don't actually watch the sport just saying whatever so can post 3 YouTube shorts a 0 3 Répondre hoppergym * -14 j Comm. du 1% Who? What nba media? That's all I'm asking: 0 1 Répondre Terrible Shelter 345 -15 j It's probably just salty Celtics fans, Knicks fans, Jokic stans, and Ant stans all online: No one in real life would ever be \""tv ratings\"" at the bar or the kickback watching a ball game Imao Répondre ND7020 -15 j Comm. du 1% https://www reddit.comirinbalcommentsl 1kxixihlhow is_it_that the_two best_teams the playoffsl 19/23 they day top bitching talking top 12/06/2025 13.09 How is it that the two best teams in the playoffs based on stats having chance of playing against each other in the Finals, is Accéder au contenu principal Se connecter that's true or not anyway); and 2. Those saying the Thunder will win easily. think (and hope) that's wrong. If you believe the Thunder's defense will just smother the Pacers, then yes, it will be a snooze, particularly as don't play an exciting brand of basketball. BUT the Pacers play very exciting ball, Carlisle is a hell of a coach; their PG doesn't turn the ball over, and are great at dictating the pace of games. They've been counted out a lot. Im not counting them out in the finals. U Répondre brob ~15 j Id like to understand the rationale of OKC not playing an exciting brand of basketball. They play with higher pace than IND; both in regular season and playoffs. Is it just because OKC has an actual defense? Répondre skj458""]","[""Randle has been a revelation. His bully ball has worked perfectly on offense and his physicality is a big problem. He knows he can out muscle most guys one on one and then makes the correct read when doubles come. He also plays defense with his chest, not hands."", ""Randle's commitment on the defensive end. He looks more engaged and focused right now.""]","['Randle has been a revelation. His bully ball has worked perfectly on offense and his physicality is a big problem. He knows he can out muscle most guys one on one and then makes the correct read when doubles come. He also plays defense with his chest, not hands.', ""Randle's commitment on the defensive end. He looks more engaged and focused right now.""]",0.7777777777777778,0.8347518047509985
textuelle_magic_limites,textuelle,Quelle limite offensive des Magic est mentionnée dans les échanges ?,"Les échanges indiquent qu'Orlando manque de spacing, de tireurs fiables et d'un meneur de jeu de niveau moyen ou supérieur. Une partie des commentaires critique aussi fortement l'attaque des Magic, tandis que d'autres soulignent les efforts de Paolo et Franz malgré ce soutien offensif insuffisant.","La limite offensive des Magic mentionnée dans les échanges est leur manque de tireurs à trois points et un meneur de jeu moyen éloigné de l'objectif, ce qui les empêche d'être un vrai prétendant au titre.",RAG,False,False,True,high,"[""0_3""]","[""[chunk_id=0_9; source=Reddit 1.pdf]\n7/15 They they ppl cheap winning it's they 12/06/2025 13.06 Who are teams in the playoffs that have impressed you ? rInba Accéder au contenu principal Se connecter justletmeregisteryou ~1m Auteur-rice top Im sorry, but you're impressed with . The Magic? Anyway; hate it but | gotta give credit to Indiana. They impressed me last year too ad honestly; that offense is capable of beating literally everyone lol. not saying they're gonna win it all or anything; but Carlisle and the players deserve massive credit 88 Répondre Klumber m. Respect. will always wonder 'what if' about last year's run without Giannis, but this year think the difference is there. 4 7 Répondre MannerSuperb AO -1m. Paolo and Franz have been a dynamic duo this whole series agaisnt one of the best defensive teams in basketball plus the defending champs. Yes the supporting cast has been laughably bad at times around them offensively but they their asses off and really giving the Celtics a fight despite missing Suggs and the other Wagner brother. thkkk their floor spacers and average PG away from being an true contender -24 Répondre georgiosauce Magic are down 3-1 despite injuring 3 Celtics starters along the way, 're solid trash 4 54 Répondre 22 réponses supplémentaires Peach TreeDish91 You really seem like the type of dude who spends 10 minutes watching the youtube highlights while checking the box score; then spends the next 60 minutes typing bs out the ass on reddit 0 Répondre [TallnFrosty until fixes his"", ""[chunk_id=0_7; source=Reddit 1.pdf]\na physical rockets defense -16 Répondre junkit33 Comm. du 1% The Magic offense is basketball terrorism. Répondre NotManyBuses -1 m Comm. du top 1% The Magic and Rockets are football teams effectively just roughing up their superior opponents and injuring them. In fact the only reason either team won a game is to taking out the elite players on Boston/GS. am not impressed in the slightest. It's bush league stuff due to a complete lack of skill on both rosters 38 Répondre moby323 Fm. Auteur-rice 1% That's going a little overboard 23 Répondre NotManyBuses ~1 m Comm. du top 1% Am wrong though Répondre réponses supplémentaires MannerSuperb AO -Lm. https:/lwww reddit.comlrInbalcomments/1k9wrcj/who_are teams in_the_playoffs_that_have_impressedl 6/15 they being top due top 12/06/2025 13.06 Who are teams in the playoffs that have impressed you ? rInba Accéder au contenu principal Se connecter 2 réponses supplémentaires frankievejle Bla bla bla the narrative that the Warriors aren't also playing extremely physical basketball is crazy. Warriors fans have done a masterful job of complaining so much and so loudly that you have people out here legit thinking the physicality is just one sided while they're playing some pristine brand of basketball. Répondre NotManyBuses m. Comm. du top 1% are; the difference is have Steph. You have Van Vleet. 4 1 Répondre réponse supplémentaire MannerSuperb AO -1m That's on the officials more than the teams. If the refs are swallowing their whistles and"", ""[chunk_id=0_3; source=Reddit 1.pdf]\nrough shooting: Répondre RandomerThanYours Magic have been solid but wouldn't really call it taking us to the brink. Atlanta a couple years ago was the real scary first round. 0 87 Répondre BonesllX ~1m Magic is one of those \""if they figure it out; they're gonna be scary\"" examples. I've been pretty high on them for 2+ seasons. Hoping for health for them next will be a regular conference contender if get a little more 3pt shooting and continue to ride the growth of Paolo and the Wagners 12 Répondre [supprimé] But with the magic you're always moments away a serious injury 35 Répondre SteamingHotChocolate this series is certainly taking me to the brink of insanity for that reason 0 5 Répondre Easy_Magician_925 Magic have been down 2 of their more impactful players all series and could easily be tied 2-2 let alone up 3-1. 0 Répondre SignificantScreen100 https:/lwww reddit.comlrInbalcomments/1k9wrcj/who_are teams the_playoffs_that_have_impressedl 3/15 They year. they from yeah 12/06/2025 13.06 Who are teams in the playoffs that have impressed you ? rInba Accéder au contenu principal Se connecter réponse supplémentaire hollow-ataraxia -1m: Trae won't credit for it because he went cold in the second half of game 6 and he started the series slow but that game 5 and first half of game 6 was some of the best basketball I've ever seen him play. He single handedly almost willed us to a game 7 but ran out of gas. Répondre No_Albatross916 Comm. du 19 Indiana and Minnesota to me U 57"", ""[chunk_id=1_14; source=Reddit 2.pdf]\nSalut Reddit .. Nous recherchons des aventuriers Quelle serait votre meilleure attaque contre ce dragon Dites-le-nous dans les commentaires ci-dessous. En savoir plus elderscrollsonline com The Alder Scrolls Jayveesac -15 j Comm. du top 1% Pacers vs. Thunder is gonna be a great and toxic series at the same time 356 Répondre twrs_29 ~15 j Comm. du top 1% doubt it will even be extremely toxic between the Pacers and Thunder fans, mostly just everyone else 210 Répondre Sure_Station9370 ~15 j Tyrese Haliburton has to be one of the biggest shit talkers in the league. wanna see how that goes down on the court when the stakes are highest. 61 Répondre twrs_29 ~15 j Comm. du top 1% wavefree3 ~15 j Comm. du top 1% Rapper_Laugh ~15 j https:/lwww. reddit.comlrInbalcomments/ 1kxixihlhow it_that the_two best_teams the playoffsl 11/23 will 12/06/2025 13.09 How is it that the two best teams in the playoffs based on stats having chance of playing against each other in the Finals, is Accéder au contenu principal Se connecter much shit? know he's always talking; but that doesn't necessarily mean shit talking. It often reads to me more like he's just a very vocal player. I've seen clips of him cheering his teammates on, giving them information; complimenting the other team; speaking up in team huddles; and more; but Im not sure if | can actually remember a clip of him talking shit for real. For what's it worth; lm the rare Bucks fan that loves Hali. Wisconsin kid from my hometown who plays"", ""[chunk_id=1_24; source=Reddit 2.pdf]\nwho don't actually watch the sport just saying whatever so can post 3 YouTube shorts a 0 3 Répondre hoppergym * -14 j Comm. du 1% Who? What nba media? That's all I'm asking: 0 1 Répondre Terrible Shelter 345 -15 j It's probably just salty Celtics fans, Knicks fans, Jokic stans, and Ant stans all online: No one in real life would ever be \""tv ratings\"" at the bar or the kickback watching a ball game Imao Répondre ND7020 -15 j Comm. du 1% https://www reddit.comirinbalcommentsl 1kxixihlhow is_it_that the_two best_teams the playoffsl 19/23 they day top bitching talking top 12/06/2025 13.09 How is it that the two best teams in the playoffs based on stats having chance of playing against each other in the Finals, is Accéder au contenu principal Se connecter that's true or not anyway); and 2. Those saying the Thunder will win easily. think (and hope) that's wrong. If you believe the Thunder's defense will just smother the Pacers, then yes, it will be a snooze, particularly as don't play an exciting brand of basketball. BUT the Pacers play very exciting ball, Carlisle is a hell of a coach; their PG doesn't turn the ball over, and are great at dictating the pace of games. They've been counted out a lot. Im not counting them out in the finals. U Répondre brob ~15 j Id like to understand the rationale of OKC not playing an exciting brand of basketball. They play with higher pace than IND; both in regular season and playoffs. Is it just because OKC has an actual defense? Répondre skj458""]","[""Their floor spacers and average point guard away from being a true contender."", ""Magic offense is basketball terrorism."", ""They have no shooters. It's like watching the early 2000s.""]","['Their floor spacers and average point guard away from being a true contender.', 'Magic offense is basketball terrorism.', ""They have no shooters. It's like watching the early 2000s.""]",1.0,0.870351362152271
textuelle_wolves_atouts,textuelle,Quels atouts des Timberwolves sont mis en avant dans la discussion sur les playoffs ?,"Les Timberwolves sont décrits comme une équipe capable d'être excellente à la fois en attaque et en défense. Les commentaires soulignent aussi la progression d'Anthony Edwards, une équipe profonde et la capacité des Wolves à exploiter le manque de profondeur de l'effectif des Lakers.","Les atouts des Timberwolves mis en avant dans la discussion incluent : leur potentiel élevé (""highest ceiling of all the teams outside of OKC""), leur capacité à être élites à la fois en attaque et en défense, et l'amélioration significative d'Ant (Anthony Edwards) dans la prise de décision. Leur capacité à battre les Lakers deux fois cette saison est également soulignée comme un point fort.",RAG,False,False,True,high,"[""0_4"", ""0_12""]","[""[chunk_id=0_12; source=Reddit 1.pdf]\nLakers/Wolves series and I'm becoming huge fan of Ant. OKC; Celts and Cavs are performing up to expectation. Kinda always knew that GSW would muscle through because of their sheer playoff and championship experience: Wasn't expecting the way Wolves have torn into the Lakers and exposed their lack of roster depth. 27 Répondre Other-Owl4441 Lakers team is pretty flawed and they're exploiting them well:. With Wolves the question is still if they're a tier below. Obviously OKC is a tough matchup for anyone but don't think Wolves have proved anything they didn't show last year. 4 Répondre Brofessor- 21m. Modifié il y a -1 Timberwolves have beat OKC 2 times this season btw Répondre 5 réponses supplémentaires Niceguydan8 . -1 m: Comm. du top 1% For me it's the teams and more so players. Paolo is the big standout for me 22 Répondre Proof-Umpire-7718 Auteur-rice top 1% Magic need to get some competent offensive playsrs; particularly some shooters, around him and Franz this offseason. 0 Répondre https:/lwww reddit.comlrInbalcomments/1k9wrcj/who_are teams in_the playoffs_that_have_impressedl 10/15 top good less 12/06/2025 13.06 Who are teams in the playoffs that have impressed you ? rInba Accéder au contenu principal Se connecter that it has not panned out with him 4 Répondre StanVanGhandi Yes, would be excited to see what kind of numbers Paolo could put up if he had more creation and shooting: Hell, would be excited to see what Paolo's numbers look if the Magic were just ONE of the"", ""[chunk_id=0_4; source=Reddit 1.pdf]\nhim play. He single handedly almost willed us to a game 7 but ran out of gas. Répondre No_Albatross916 Comm. du 19 Indiana and Minnesota to me U 57 Répondre thereticent Pistons for me. Not surprised; just impressed with them 15 Répondre Proof-Umpire-7718 Auteur-rice top 19 Wolves 4 61 Répondre Longjumping_One_9164 Modifié il y a -1 m. Comm. du 1% Wolves are not surprising if you had watched them, had picked them to beat the Lakers in six and was specifically the team wanted to dodge in the first round the most The have the highest ceiling of all the teams outside of OKC because can be both elite offensively and defensively. Their only real flaw is decision making at times, but even then Ant has improved hugely on that end. think were ultimately under estimated as too many crowned the Lakers as better than are actually are. Especially after the OKC HZHs where their shooting output just wasn't very realistic of who were in a Playoff setting. think the next best team is the Clippers; but man have definitely found ways to lose games against the Nuggets But ultimately think it's going to end up pretty comfortably a OKC-MIN WCF and that is going to be an insane series. Répondre Inevitable-Paint-650 Maybe to you but we got humbled last year Répondre https:/lwww reddit.comlrInbalcomments/1k9wrcj/who_are teams in_the_playoffs_that_have_impressedl 4/15 get top top they they being they they they 12/06/2025 13.06 Who are teams in the playoffs that have impressed you ? rInba Accéder au"", ""[chunk_id=0_14; source=Reddit 1.pdf]\n1k9wrcj /who_are teams the_playoffs_that_have_impressedl 11/15 being being they 12/06/2025 13.06 Who are teams in the playoffs that have impressed you ? rInba Accéder au contenu principal Se connecter majority of his attempts from dribble pull-ups. He was in this area before but now he's elite and it's obviously a vital component to closing out games and stifling runs 2 Jaden has taken an incremental step on offense; becoming much more willing/able to dribble - drive into short range pull-ups and attempts at the rim. Again; he would do this last season but now he's it with greater consistency. Donte as a bench creator /ball-handler who can hold his own somewhat on defense is a huge addition that helps mitigate Conley having down streaks. 4. Julius is less of a dynamic scorer compared to KAT but he still fills the role as a \""get-a-bucket\"" iso guy. He's also a better passer off the dribble although that hasn't been as apparent in this series so far. 4 4 Répondre JollySpaceman -1 m Yeah know Donte hasn't played well this series but thought a guy like that to come off the bench and at least take some pressure off is definitely something they were missing last year U 1 Répondre réponse supplémentaire Dawn_of definitely thought the Wolves trading Kat was a huge downgrade but definitely have adjusted to the new roster and look as good as ever. 16 Répondre HS941317 ~1m Indiana but kind of expected it. really think they have a legit shot against the Cavs next round: Their offense is"", ""[chunk_id=0_0; source=Reddit 1.pdf]\n12/06/2025 13.06 Who are teams in the playoffs that have impressed you ? rInba Accéder au contenu principal Rechercher dans r/nba YA Se connecter rInba il y a 1 m MannerSuperb Who are teams in the playoffs that have impressed you ? For me it's the Despite awful shooting have really taken the defending champs to the brink. Im a little biased as a Duke fan but Paolo and Franz are absolute dogs and my favorite young wing duo in the league those guys have shown are built for playoff basketball with their shot making and competing defensively. truly hope orl can get those kids some real shooters and a true point theirs another level their games and overall team can reach if simply had some floor spacing and average play around them. 31 236 Partager xometry_europe Sponsorisé(e) \""Si seulement je l'avais su plus tôt\"" , disent souvent les ingénieurs et dessinateurs après Accélérez le avoir découvert les possibilités de prototypage offertes par Xometry. Face aux méthodes développement de vos prototypes avec Xometry traditionnelles; la plateforme Xometry apporte rapidité et flexibilité. oplimsez Vos oroessus fegiuie] eos IioC Sui Marchle Yracrahuorication , aetande En savoir plus pages xometry eu Xometry Rejoindre la conversation Trier par Meilleurs Rechercher des commentaires NotWD . -1 Ant's been a machine as expected; but Randle's genuinely beating the beyblade allegations and it's so nice to see 186 Répondre MG MN Comm. du 1% Randle has been a revelation. His bully ball has worked"", ""[chunk_id=0_10; source=Reddit 1.pdf]\nhighlights while checking the box score; then spends the next 60 minutes typing bs out the ass on reddit 0 Répondre [TallnFrosty until fixes his shooting, don't think 'dynamic' is the right word for him Répondre 2 réponses supplémentaires legendofthededbug thepeachgod Indiana is gonna have a better chance at beating Cleveland than people will give them https:/lwww reddit.comlrInbalcomments/1k9wrcj/who_are_teams in_the playoffs_that_have_impressedl 8/15 wing guard they' franz 12/06/2025 13.06 Who are teams in the playoffs that have impressed you ? rInba Accéder au contenu principal Se connecter Comm. du top 1% Siakam is the most underrated player in the league as far as impact towards winning. If that team's clicking; which they seem to be with Hali dishing the way he is right now; they' re a tough out for anyone 10 Répondre shhhhhhhwish By far the toughest series last year for the Celtics. think we'll get a Celtics Indy rematch tbh.. no one will see it coming but it wasn't a fluke Indy there last year 0 -1 Répondre Yankeeknickfan -1 m It's impressive that they're finally not just scraping by a team that's injured and straight up Dominating a worse team. Definitely better than last year But the bucks are awful. Really don't get why dominating them says anything about Cleveland Répondre ProvocativeHotTakes m. Common-Bad-7899 Pistons are one shot creator from an ECF contending team imo. 51 Répondre MannerSuperb AO m: think jaden Ivey has potential to be the missing piece for""]","[""They have the highest ceiling of all the teams outside of OKC because they can be both elite offensively and defensively. Their only real flaw is decision making at times, but even then Ant has improved on that end."", ""The Wolves have torn into the Lakers and exposed their lack of roster depth."", ""The Wolves offense just looks so much better than last year. Ant seems to trust his teammates a lot more.""]","['They have the highest ceiling of all the teams outside of OKC because they can be both elite offensively and defensively. Their only real flaw is decision making at times, but even then Ant has improved on that end.', 'The Wolves have torn into the Lakers and exposed their lack of roster depth.', 'The Wolves offense just looks so much better than last year. Ant seems to trust his teammates a lot more.']",0.6,0.9706852631261563
textuelle_cade_limite_effectif,textuelle,"Selon les commentaires, pourquoi Cade Cunningham commet-il parfois beaucoup de pertes de balle ?","Selon les commentaires, Cade Cunningham est parfois brouillon avec le ballon parce qu'il porte une charge de création trop importante. L'effectif manquerait de création secondaire et de joueurs capables de se créer eux-mêmes un tir, ce qui fait de lui la principale cible de la défense adverse.","Cade Cunningham commet parfois beaucoup de pertes de balle en raison de son style de jeu qui implique de forcer des actions et de prendre des risques, notamment en tentant de créer des tirs ou des passes pour lui-même ou ses coéquipiers. Certains commentaires soulignent qu'il est parfois désordonné avec le ballon et force des mauvaises pertes de balle, surtout dans des situations où l'équipe a besoin de lui pour organiser le jeu.",RAG,False,False,True,high,"[""0_5"", ""0_6""]","[""[chunk_id=0_5; source=Reddit 1.pdf]\n4/15 get top top they they being they they they 12/06/2025 13.06 Who are teams in the playoffs that have impressed you ? rInba Accéder au contenu principal Se connecter Ll YPPy uyiiiy 11[ Vi cui l [ Jui C Vl quick precision platformer! Télécharger store steampowered com Jamstarr2024 Cade. Dude needs to seriously cut down on the turnovers, but he's a bucket. 79 Répondre Relevant_Gold4912 1m Comm. du 19 get frustrated with his sloppy turnovers a lot but he needs just one more guy who can score or create their own shots for themselves or others. Hopefully it's Ivey. Cade is sloppy with the ball and forces a lot of bad turnovers but he's kind of in the position he has to. Too many possessions where we can't even the ball inside 30 feet of the basket if he doesn't touch the ball 4 13 Répondre remonnoki -1m. Cade has really impressed with his play but even more so with his leadership. think Detroid has a maturity and emotion problem which can be buffed out with age and experience: He's holding both himself and his teammates accountable. Him pushing his rookie away yesterday to keep him in check, chill him out and stop him from getting a stupid tech was some real shit. 4 Répondre Relevant_Gold4912 -1m Comm. du top 1% don't think that's really the issue: It's a talent issue. Stew Holland definitely run hot but that's not the issue. The team feeds off that a lot of just don't have a secondary scoring option outside of Cade especially with Ivey hurt:. A lot of this is being passed on"", ""[chunk_id=1_3; source=Reddit 2.pdf]\nbitch made shit. You think Kobe would be caught doing that shit ever? Bird? Jordan? Kareem? Nash? Shaw? Timmy D? KG? Hellllll fuckin no. might have drawn fouls, but drawing fouls doing honest moves and taking actual shots attempting to make a bucket is a skill: SGA throwing himself to the ground when someone brushes his arm, and just flinging the ball in the general direction of the hoop is not a skill, it's some bitch ass cheese: Like the kid who won at mortal kombat by spamming the leg sweep or uppercut. Yeah; you won; but everything thinks you're lame as fuck 0 Répondre réponse supplémentaire caughtinthought ~15 j it's kind of a double-edged sword for the NBA one of the reasons it is so popular is due to its character branding; but if those characters don't make it_ Répondre [supprimé] ~15 j Comm. du top 1% don't really get why fans of the sport are obsessed with the ratings and popularity of the nba. Just enjoy basketball 692 Répondre captain_ahabb -15 j Comm. du top 1% People use the ratings decline as a proxy for whatever aspect of the league dislike 242 Répondre Charming_Motor_919 ~15 j Modifié il y a -15 j The worst is when it briefly became a proxy for politics. Exhausting. Edit: think some have misinterpreted what | said. will clarify. When people used NBA ratings to make arguments about politics, found it to be exhausting: https://www reddit.comirinbalcommentsl 1kxixihlhow it_that_the_two best_teams_ the_playoffsl 3/23 they they ability. deny good. They they"", ""[chunk_id=2_39; source=Reddit 3.pdf]\nfive years with the Knicks had a.565 winning 5,1 k upvotes 455 commentaires rInba ilya 12j Which NBA team has the best all-time starting five made up only of players drafted? 1,3 k upvotes 794 commentaires r/nba ilya 16 j Is Michael Adams the worst 25ppg scorer in NBA history? 186 upvotes 125 commentaires r/lakers ilya 2 m. The NBA has handed Anthony Edwards a $5OK fine for his d*** is bigger than yours\"" remark to a Lakers fan (via @ShamsCharania) streama 1,2 k upvotes 282 commentaires rINBATalk ilya 16 j this is about to be the lowest rated finals in NBA history (the NBA is so cooked) 23 commentaires rInba ily a For the first time in NBA history; three 60+ win teams lost Game 1 of the same playoff round 2 k upvotes 124 commentaires rInba ilya 27 j https:llwww reddit.comlrInbalcomments/1l161bplreggie miller the_most_efficient_first 33/36 got they they \""My optionl 12/06/2025 13:11 Reggie Miller is the most efficient first option in NBA playoff history rInba Accéder au contenu principal Se connecter r/hockey ilya 3 a Who was the last player to score the most points in the playoffs without making the SCF? 50 upvotes 58 commentaires r/nba ily a THE NBA IS NOT RIGGED. 44 commentaires rInba ily a [Rohlin] Alex Caruso still thinks about 'what could've been' with the Lakers: Yeah, definitely. m have always thought about it because those guys [LeBron James and Anthony Davis] ar_ foxsports 1,8 k upvotes 196 commentaires rInba ilya 8 a Every Time a Player Averaged 40+ PPG in a Playoff"", ""[chunk_id=1_24; source=Reddit 2.pdf]\nwho don't actually watch the sport just saying whatever so can post 3 YouTube shorts a 0 3 Répondre hoppergym * -14 j Comm. du 1% Who? What nba media? That's all I'm asking: 0 1 Répondre Terrible Shelter 345 -15 j It's probably just salty Celtics fans, Knicks fans, Jokic stans, and Ant stans all online: No one in real life would ever be \""tv ratings\"" at the bar or the kickback watching a ball game Imao Répondre ND7020 -15 j Comm. du 1% https://www reddit.comirinbalcommentsl 1kxixihlhow is_it_that the_two best_teams the playoffsl 19/23 they day top bitching talking top 12/06/2025 13.09 How is it that the two best teams in the playoffs based on stats having chance of playing against each other in the Finals, is Accéder au contenu principal Se connecter that's true or not anyway); and 2. Those saying the Thunder will win easily. think (and hope) that's wrong. If you believe the Thunder's defense will just smother the Pacers, then yes, it will be a snooze, particularly as don't play an exciting brand of basketball. BUT the Pacers play very exciting ball, Carlisle is a hell of a coach; their PG doesn't turn the ball over, and are great at dictating the pace of games. They've been counted out a lot. Im not counting them out in the finals. U Répondre brob ~15 j Id like to understand the rationale of OKC not playing an exciting brand of basketball. They play with higher pace than IND; both in regular season and playoffs. Is it just because OKC has an actual defense? Répondre skj458"", ""[chunk_id=0_6; source=Reddit 1.pdf]\nteam feeds off that a lot of just don't have a secondary scoring option outside of Cade especially with Ivey hurt:. A lot of this is being passed on to Dennis Schroeder /Malik Beasley/Tobias Harris which is a good patch job for this season but it's not reliable or what you want in a playoff series. 0 Répondre Jamstarr2024 ~1m He also needs to seriously work on his jumper. His 3-ball isn't very That needs to be north of 35% to explode 4 1 Répondre Relevant_Gold4912 ~1m Comm. du top 1% Was north of 359 this season Répondre https:/lwww reddit.comlrInbalcomments/1k9wrcj/who_are teams the_playoffs_that_have_impressedl 5/15 0 top get and times. They good. 12/06/2025 13.06 Who are teams in the playoffs that have impressed you ? rInba Accéder au contenu principal Se connecter Comm. du top 1% Man is poised and ready for the moment. Been awesome to see 0 7 Répondre Klaytheist think the issue is that don't really have a secondary playmaker. Their second best shot creator Shroeder. He's asked to do a lot as the sole focus of the opposing team. Répondre NotManyBuses Comm. du top You must hate good offense; have been disgusted watching the Magic play 80 Répondre MannerSuperb AO . -1 m. Good offense is a lot harder to come by in playoff basketball tho. Games are more physical and lower scoring: Warriors have a great offense and struggling against a physical rockets defense -16 Répondre junkit33 Comm. du 1% The Magic offense is basketball terrorism. Répondre NotManyBuses -1 m Comm. du top""]","[""Cade is sloppy with the ball and a lot of bad turnovers but he's kind of in the position he has to. Too many possessions where they can't even get the ball inside 30 feet of the basket if he doesn't touch the ball."", ""They don't really have a secondary playmaker. Their second best shot creator can't do a lot as the sole focus of the opposing team.""]","[""Cade is sloppy with the ball and a lot of bad turnovers but he's kind of in the position he has to. Too many possessions where they can't even get the ball inside 30 feet of the basket if he doesn't touch the ball."", ""They don't really have a secondary playmaker. Their second best shot creator can't do a lot as the sole focus of the opposing team.""]",0.5,0.9491360369719967
textuelle_finals_small_market,textuelle,Pourquoi certains commentaires pensent-ils qu'une finale entre deux équipes de petits marchés pourrait attirer moins de public ?,Certains commentaires avancent qu'une finale entre deux petits marchés souffrirait d'un manque de notoriété nationale : les marchés seraient plus petits et les jeunes stars seraient moins connues du public occasionnel. D'autres participants contestent cette lecture et estiment qu'une telle série pourrait être de grande qualité.,"Certains commentaires estiment qu'une finale entre deux équipes de petits marchés pourrait attirer moins de public car ces équipes n'ont pas encore une longue histoire de succès ou de popularité suffisante pour séduire les spectateurs occasionnels. Par exemple, il est mentionné que ni l'une ni l'autre des deux équipes n'a été bonne assez longtemps pour développer une base de fans opportunistes (""Neither team has been good long enough to grow a bandwagon""). De plus, les jeunes stars de ces équipes ont une reconnaissance minimale auprès des fans occasionnels, ce qui pourrait réduire l'intérêt général pour la série.",RAG,False,False,True,high,"[""1_21""]","[""[chunk_id=1_13; source=Reddit 2.pdf]\nRépondre Hobonium -15 j Won't someone please think of the advertising revenue?? 4 5 Répondre metaldetector6g ~15 j Giannis to lakers mock during game finals halftime show. 0 1 Répondre couchtomato62 ~15 j Who care about media. don't even watch pre or post game and turn down the sound during half time: During most of the playoffs was watching the games on league pass. they had a no commentators version with only sounds from the court. It was fantastic. 4 1 Répondre dalivo ~15 j It'Il be a snooze fest because OKC is going to steamroll Indiana https:/lwww reddit.comlrInbalcomments/1kxixih/how_is_it_that_the_two best_teams_ the playoffsl 10/23 they' they they they pro 12/06/2025 13.09 How is it that the two best teams in the playoffs based on stats having chance of playing against each other in the Finals, is Accéder au contenu principal Se connecter Which is so ironic because ratings be down (which costs them money and nobody else) because of them directly. 4 1 Répondre WeenisWrinkle . -15 j Right? Big markets, big stars, and big brands get viewers. The hardcore fans want good basketball above all else; but most casual viewers don't. 4 1 Répondre IScraggyBo -14 j medias obsession is just the same as the commenters on reddit's obsession; don't blame the MSM for something prevalent in the 'fans' as well U 1 Répondre BethesdaFR Sponsorisé(e) Salut Reddit .. Nous recherchons des aventuriers Quelle serait votre meilleure attaque contre ce dragon Dites-le-nous dans les commentaires"", ""[chunk_id=1_24; source=Reddit 2.pdf]\nwho don't actually watch the sport just saying whatever so can post 3 YouTube shorts a 0 3 Répondre hoppergym * -14 j Comm. du 1% Who? What nba media? That's all I'm asking: 0 1 Répondre Terrible Shelter 345 -15 j It's probably just salty Celtics fans, Knicks fans, Jokic stans, and Ant stans all online: No one in real life would ever be \""tv ratings\"" at the bar or the kickback watching a ball game Imao Répondre ND7020 -15 j Comm. du 1% https://www reddit.comirinbalcommentsl 1kxixihlhow is_it_that the_two best_teams the playoffsl 19/23 they day top bitching talking top 12/06/2025 13.09 How is it that the two best teams in the playoffs based on stats having chance of playing against each other in the Finals, is Accéder au contenu principal Se connecter that's true or not anyway); and 2. Those saying the Thunder will win easily. think (and hope) that's wrong. If you believe the Thunder's defense will just smother the Pacers, then yes, it will be a snooze, particularly as don't play an exciting brand of basketball. BUT the Pacers play very exciting ball, Carlisle is a hell of a coach; their PG doesn't turn the ball over, and are great at dictating the pace of games. They've been counted out a lot. Im not counting them out in the finals. U Répondre brob ~15 j Id like to understand the rationale of OKC not playing an exciting brand of basketball. They play with higher pace than IND; both in regular season and playoffs. Is it just because OKC has an actual defense? Répondre skj458"", ""[chunk_id=1_10; source=Reddit 2.pdf]\nsupplémentaires GodWhyPlease ~15 j The Steelers are a horrible example haven't had a losing season in 20 years_ But yeah; NFL has mastered it 0 4 Répondre begging_brother \""15 j \""Not losing\"" rarely drives fan engagement. 2 decades of mediocrity from a small market team ought to shrink the fan base It does in nearly other case in every other sport. In the NFL it doesn't at all. 10 Répondre reponses supplémentaires Janal88sepsis -15 j And the hard cap makes ot easier for small market teams, nba needs to figure it's shit out on that if want parity 4 4 Répondre Snakescipio -15 j The second apron's as close to a hard as we're gonna get; and we're definitely in this age of parity right now. In previous years the Celtics probably just eats an injury year from Tatum and then run it back; but now it looks like 're gonna blow up the roster. 4 7 Répondre 2 réponses supplémentaires Dakozi ~15 j https://www reddit.comirinbalcommentsl 1kxixihlhow is_it_that_the_two best_teams the playoffsl 8/23 they they every they cap they' 12/06/2025 13.09 How is it that the two best teams in the playoffs based on stats having chance of playing against each other in the Finals, is Accéder au contenu principal Se connecter Ill never say it was full on rigged; but there was a massive benefit to having KC go far in the playoffs 4 1 & Répondre lbegging_brother ~14 j Like for example right here 4 2 Répondre Smart_Water ~15 j Green has a population of 105,000 yet you could find a Packers jersey in any NFL"", ""[chunk_id=1_21; source=Reddit 2.pdf]\ndistribution) 22 Répondre jackaholicus ~15 j Comm. du top fwiw ended up up this year NFL Ratings were down slightly except when the Chiefs played. Kind of ironic given the way people talk about the NFL vs NBA. Of course the NFL is still like 2Ox more popular Répondre 3 réponses supplémentaires Icy_Bodybuilder_164 -15 j don't see reason it should be a less watched finals than Nuggets/Heat 2023. It's a relatively balanced matchup where you give the Pacers a fighting chance unlike the Heat back then; has a amount of star power and names to behind; and will be fast-paced and high scoring: 10 Répondre wavefree3 ~15 j Comm. du top 1% relatively balanced matchup? 4 Répondre 2 réponses supplémentaires DwayneBaconStan ~15 j mean think OKC wins in 5 Répondre dontletmecook73 -15 j Comm. du top 1% think so too. Both teams are very fun to in my opinion. OKC has a historic defense and the Pacers play so fast and fun 17 Répondre tresben ~15 j junkit33 ~15 j Comm. du top 1% https://www reddit.comirinbalcommentsl 1kxixihlhow is_it_that the_two best_teams the playoffsl 17/23 ratings being any good get watch 12/06/2025 13.09 How is it that the two best teams in the playoffs based on stats having chance of playing against each other in the Finals; is Accéder au contenu principal Se connecter This one is going to be brutal. 25th vs 45th largest media markets. And the stars are young with minimal name recognition amongst casual fans. Neither team has been good long enough to grow a bandwagon"", ""[chunk_id=1_7; source=Reddit 2.pdf]\nbecause are directly the reason ratings would be down for this series 're costing themselves millions. 4 7 Répondre theskyopenedup -15 j Right but no one here works for ESPN; which is their point. 4 Répondre ScratchSeeker03 ~15 j Yeah, was adding onto their 4 1 Répondre Ical679 ~15j It was fitting that HHH was in attendance last night; wrestling fans are another group that will take TV ratings and ticket sales as an indicator of quality rather than the quality of the actual content. Pacers are my backup favorite after the Celtics because they're just so damn fun to watch. 15 Répondre FlakyStick ~15 j Same way ask when people are so concerned about how much superstars make: The money wasn't going to you why are you so mad? 0 Répondre Sharpedd ~15 j Kuriso I ~15 j Because the NBA is full of stinky casuals that have nothing better to do because their favorite players or teams didn't make it U Répondre https:/lwww reddit.comlrInbalcomments/ 1kxixih/how_is_it_that the_two best_teams_ the playoffsl 6/23 they being being they They' point 12/06/2025 13.09 How is it that the two best teams in the playoffs based on stats having chance of playing against each other in the Finals, is Accéder au contenu principal Se connecter While think NBA marketing has something to do with it; you also can't manufacture hype and interest nothing. This is where eras of parity are bad for casual viewers. It takes time and prolonged dominance to attract the attention of casual viewers. Casual viewers""]","[""25th vs 45th largest media markets. And the stars are young with little name recognition amongst casual fans. Neither team has been good long enough to grow a following either."", ""An OKC, Pacers series could be one of the best finals series we've gotten in years."", ""The national appeal isn't there for small market teams who don't have massive name brand stars.""]","['25th vs 45th largest media markets. And the stars are young with little name recognition amongst casual fans. Neither team has been good long enough to grow a following either.', ""An OKC, Pacers series could be one of the best finals series we've gotten in years."", ""The national appeal isn't there for small market teams who don't have massive name brand stars.""]",1.0,0.8073547944786732
textuelle_reggie_argument_faveur,textuelle,Quel argument soutient que Reggie Miller était une option offensive majeure en playoffs ?,"Les commentaires favorables soutiennent que Reggie Miller était la première option offensive des Pacers : l'attaque était construite autour de son mouvement sans ballon et de sa gravité, et il aurait porté l'équipe sur de nombreuses séries de playoffs malgré l'absence de coéquipier Hall of Fame durant l'essentiel de cette période.","Reggie Miller a remporté 14 séries éliminatoires avec les Pacers, ce qui est plus que des joueurs comme Drexler, Nash, Robertson ou Goodrich sur l'ensemble de leur carrière. Cela montre qu'il était une option offensive majeure en playoffs, surtout en tant que meilleur marqueur de son équipe sur une longue période.",RAG,False,False,True,high,"[""2_37"", ""2_13""]","[""[chunk_id=2_5; source=Reddit 3.pdf]\nReggie was playing there was one guard spot on the east every year guys had to compete for because the other automatically was Michael Jordan Imao 4 4 Répondre [supprimé] -10 j Overall-Palpitationg ~10 j Modifié il y a -10 j He barely averaged 20 a game most years. He's like if Klay Thompson happened to be the Warriors' first option; on the same number of shot attempts 20 Répondre trojan_man16 -10 j Guy's prime was in the late 9Os/early 20OOs. That's the modern NBA's dead ball era. Even 18ppg was a big deal then; 20+ was actually impressive. With today's pace and a system optimizing his skills Reggie would be a 25ppg+ guy. 0 45 Répondre Madpsu444 ~10j https://www reddit.comirinbalcommentsl /1/161bplreggie miller the_most_efficient_first_option} 5/36 fringe 12/06/2025 13:11 Reggie Miller is the most efficient first option in NBA playoff history rInba Accéder au contenu principal Se connecter 1999-2007. Pistons and Spurs dominate with defense; the team with grinded the game to a halt. 4 3 Répondre Overall-Palpitationg -10j Modifié il y a -10 j Fair enough; but even in his era, there were still 25-3Oppg guys; and he was never one of them. Reggie finished 10 in ppg once during his career, in 1989-90, when he finished 8th with 24.6ppg. Reggie never topped 26 USG%, and hovered in the low-to-mid 2Os in USG% for his entire prime; so even if he was Indiana's de-facto #1 scorer, he really never used or scored like a true #1, even in a lower possession era. Répondre vmpafq ~10 j That's"", ""[chunk_id=2_36; source=Reddit 3.pdf]\none stat. But you could argue he's underrated; at least. Reggie was a scary dude to go up against in the playoffs; for sure. But let's not go crazy, he made all NBA 3 times. Part of that may have been playing in Indiana; but partly he also wasn't that good. Of the NBA 75, he's definitely in the bottom 20. U 1 Répondre Bluepaynxex -10 j Comm. du top 1% He was that good in the playoffs. He was Jamal Murray on steroids in that he greatly increased his output once the games mattered. You can't just look at his regular season accolades and use that as an argument. He was plain and simple an absolute monster in the playoffs 22 Répondre imperialmoose -10 j remember, was there: don't have any issue with OP saying Miller was a great playoff riser we know! was addressing the final statement OP made; that he was the Sth most valuable franchise ever. He simply wasn't. There was one season tried to argue with my buddies that he was a top 10 player in the league: Even that was seen as a stretch. Like; he was never in an MVP discussion or even close If the argument is \""he stayed with Indiana for a really long time; so he overall was more valuable to Indiana than Wade was to Miami\"" _ I guess? Maybe? 4 Répondre [Count_Gator -10 j You are getting downvoted; but do not recall hardly anyone saying Reggie is the best guard in the league In fact; Indiana really showed up what? 94-95, 1998, and 2000? 5 years max for deep playoff runs? Other guards were considered much more valuable; no offense to"", ""[chunk_id=2_37; source=Reddit 3.pdf]\nreally showed up what? 94-95, 1998, and 2000? 5 years max for deep playoff runs? Other guards were considered much more valuable; no offense to Reggie. Répondre réponse supplémentaire Ao ~10 j Comm. du 1% https:llwww reddit.comlrInbalcomments/1l161bplreggie miller_is the_most_efficient_first 31/36 guard hqppp top optionl 12/06/2025 13:11 Reggie Miller is the most efficient first option in NBA playoff history rInba Accéder au contenu principal Se connecter Malone's caliber throughout his career. Maybe Zeke for his peak, but again; really great teammates. 0 Répondre imperialmoose ~10 j Modifié il y a -10j Nash; Wade; Iverson; Drexler, West; Robertson; Cousy; even Goodrich; all had arguably better careers and were arguably better players relative to players in their eras. Maybe even Dame: Love Reggie; great showman; very cool stat, but think you overstated the case at the end of your argument. Edit: If your argument is based on him staying in one place for his career_well, yeah; ok, guess that might be that case Répondre hqppp AO -10 j Comm. du top 1% Potentially; especially given two way impact. But think it's closer than you think. Reggie won 14 playoff series with the Pacers; most of them as a contributor/leading scorer. That's more than Drexler with the Blazers, more than Nash /Robertson/Goodrich in their entire careers, more than double Iverson in his entire career. Cousy was part of a dynastic team so difficult to compare given Reggie never had all-time great teammates."", ""[chunk_id=2_13; source=Reddit 3.pdf]\n-10 j mean if Tim Hardaway is in the HOF, Reggie definitely deserves to be there 21 Répondre Prestigious-Ad9921 -10 j Hardaway is? Oof. Ive started calling it the \""Hall of Really Good. That fits better. 0 Répondre thesch ~10 j Comm. du top 1% Good thread for the people who call Reggie overrated because took one look at his bbref page and saw that he only made 3 all-NBA teams. Us uncs who were around then know he was the real deal. 118 Répondre macandcheeser ~10j Yep. Maybe the simplest argument in favor of Reggie Miller he was the best player on a perennial playoff team for over a decade. Just a winning basketball player. 49 Répondre trojan_man16 -10 j Best player on a team that made the Finals, best player on one of the two squads team that took the 90's Bulls Championship teams to seven games. 4 44 Répondre josshhhhh _ -10j Modifié il y a -10j His peers respect him so much that Reggie himself gets overwhelmed. remember in the show Open Court when discussed the next 25 best players and all of them said Reggie but Reggie insisted to not him there His peers knew how hard it is to carry a franchise; a relatively small franchise; to the championship: 20 Répondre IChrisclc13 ~10 j https:/lwww reddit.comlrInbalcommentsl /1/161bplreggie miller_is the_most_efficient_first 13/36 Tim they they put optionl 12/06/2025 13:11 Reggie Miller is the most efficient first option in NBA playoff history rInba Accéder au contenu principal Se connecter U 22 57 Repondre Zulumus ~10 j real ones"", ""[chunk_id=2_27; source=Reddit 3.pdf]\noptionl 12/06/2025 13:11 Reggie Miller is the most efficient first option in NBA playoff history rInba Accéder au contenu principal Se connecter Niy 'cyyic Jlili UUl Cuiijiucicu LUP Ju Viayei Ui Lillic 11515 1Ui€ LU L5 Yaic Lliai Ciiliciily 0 1 Répondre Ao -10 j Comm. du 1% Name me one player who comes close to 14 playoff series wins with zero HOF teammates in their 4 -2 Répondre Wise_Ad_112 ~10j He wasn't a no 1 option. He himself doesn't put himself in any of these convos with other greats. 4 1 Répondre hqppp AO -10 j Comm. du top 1% Ok s0 from 1991 to 2002 when Reggie averaged 24PPG on 17 shots a game; who exactly do you think was the number one option? He's not better player than any of the 20 listed, ofc not bc there is more to the game than efficient scoring. But he definitely was a first option; and his resume is absolutely top 50 material. He won a lot for someone who never had a superstar teammate. 0 3 Répondre paragon249 -10j How many does Butler have? 0 1 Répondre fitzvery ~10j Jerry West; Oscar Robertson; and Dwyane Wade were all comfortably more valuable then Reggie Longevity is great and all but |m taking 14 years of those guys over 18 years of Reggie no question about it Loved Reggie though. Dude played forever, never missed time; and produced some of the most iconic basketball memories of my childhood. Definitely left his mark on the game 4 1 Répondre Ao -10 j Comm. du 19 https://www reddit.comirinbalcommentsl /1/161bplreggie miller_is""]","[""The offense was built around Reggie. His gravity off-ball and screens is what made the Pacers offense."", ""Being quite literally the most efficient first option of all-time with his longevity, with 14 series wins and not a single HOF teammate except a 34-year-old Chris Mullin."", ""Reggie was always the 1 option on offense. His gravity created for other players, just like today's great shooters.""]","['The offense was built around Reggie. His gravity off-ball and screens is what made the Pacers offense.', 'Being quite literally the most efficient first option of all-time with his longevity, with 14 series wins and not a single HOF teammate except a 34-year-old Chris Mullin.', ""Reggie was always the 1 option on offense. His gravity created for other players, just like today's great shooters.""]",1.0,0.8087550300800633
textuelle_reggie_nuance,textuelle,Quelle réserve les commentaires expriment-ils sur le statut de Reggie Miller comme première option offensive ?,"Une réserve importante est que Reggie Miller créait moins son propre tir que des joueurs comme Jordan, LeBron, Kobe, Bird, Kawhi ou Durant. Son jeu reposait beaucoup sur le mouvement sans ballon, les écrans et la réception de tirs ; des défenses pouvaient donc essayer de le neutraliser en le forçant à créer balle en main.","Certains commentaires soulignent que Reggie Miller n'était pas une véritable première option offensive, malgré son rôle de principal marqueur de l'Indiana. Par exemple, il est mentionné qu'il n'a jamais dépassé 26 % de taux d'usage (USG%) et est resté dans la fourchette basse à moyenne des 20 % pendant toute sa carrière, ce qui suggère qu'il n'a jamais utilisé ou marqué comme une vraie première option, même dans une ère à faible possession. De plus, il est précisé qu'il n'a terminé dans le top 10 des marqueurs qu'une seule fois en carrière (24,6 points par match en 1989-90), ce qui renforce l'idée qu'il n'était pas considéré comme un véritable premier choix offensif.",RAG,False,False,True,high,"[""2_5""]","[""[chunk_id=2_5; source=Reddit 3.pdf]\nReggie was playing there was one guard spot on the east every year guys had to compete for because the other automatically was Michael Jordan Imao 4 4 Répondre [supprimé] -10 j Overall-Palpitationg ~10 j Modifié il y a -10 j He barely averaged 20 a game most years. He's like if Klay Thompson happened to be the Warriors' first option; on the same number of shot attempts 20 Répondre trojan_man16 -10 j Guy's prime was in the late 9Os/early 20OOs. That's the modern NBA's dead ball era. Even 18ppg was a big deal then; 20+ was actually impressive. With today's pace and a system optimizing his skills Reggie would be a 25ppg+ guy. 0 45 Répondre Madpsu444 ~10j https://www reddit.comirinbalcommentsl /1/161bplreggie miller the_most_efficient_first_option} 5/36 fringe 12/06/2025 13:11 Reggie Miller is the most efficient first option in NBA playoff history rInba Accéder au contenu principal Se connecter 1999-2007. Pistons and Spurs dominate with defense; the team with grinded the game to a halt. 4 3 Répondre Overall-Palpitationg -10j Modifié il y a -10 j Fair enough; but even in his era, there were still 25-3Oppg guys; and he was never one of them. Reggie finished 10 in ppg once during his career, in 1989-90, when he finished 8th with 24.6ppg. Reggie never topped 26 USG%, and hovered in the low-to-mid 2Os in USG% for his entire prime; so even if he was Indiana's de-facto #1 scorer, he really never used or scored like a true #1, even in a lower possession era. Répondre vmpafq ~10 j That's"", ""[chunk_id=2_34; source=Reddit 3.pdf]\nwhen Ewing started to get really hobbled in '99 and before his own injury problems. One could argue it was IA and 1B with Spree before was traded; but LJ was never considered the Ist on those Knicks teams. 0 Répondre 3 réponses supplémentaires PagelTheReal18 -10 j was an adult when Reggie got drafted; he was always the #1 option on offense. His gravity created openings for other players, just like today's great shooters Répondre man -10 j mean this just isn't true: You couldn't even play defense in the same ways you can now where \""gravity\"" is a and Reggie wasn't nearly enough of a distributor to consistently take advantage of double teams. 4 1 Répondre PagelTheReal18 ~10 j don't agree with you: But thanks for abusing the downvote button. And note; did not and don't intend on EVER downvoting someone over a difference of opinion: Répondre 5 réponses supplémentaires 6unk -10 j https:Ilwww reddit.comlrInbalcomments/1/161bplreggie miller_is the_most_efficient_first_option} 29/36 being him got Spree option refugee thing good 12/06/2025 13:11 Reggie Miller is the most efficient first option in NBA playoff history rInba Accéder au contenu principal Se connecter itself as well.) Répondre False_Pear1860 ~10j What is this table sorted by?? Though it was crazy that was so far down the list, but then realized he should be like 3rd place if sorted by rTS Répondre LQ Akipella ~10j Comm. du top 1% fixed it 4 3 Répondre Zazi751 -10j If you don't also provide how rTS is calculated then the"", ""[chunk_id=2_27; source=Reddit 3.pdf]\noptionl 12/06/2025 13:11 Reggie Miller is the most efficient first option in NBA playoff history rInba Accéder au contenu principal Se connecter Niy 'cyyic Jlili UUl Cuiijiucicu LUP Ju Viayei Ui Lillic 11515 1Ui€ LU L5 Yaic Lliai Ciiliciily 0 1 Répondre Ao -10 j Comm. du 1% Name me one player who comes close to 14 playoff series wins with zero HOF teammates in their 4 -2 Répondre Wise_Ad_112 ~10j He wasn't a no 1 option. He himself doesn't put himself in any of these convos with other greats. 4 1 Répondre hqppp AO -10 j Comm. du top 1% Ok s0 from 1991 to 2002 when Reggie averaged 24PPG on 17 shots a game; who exactly do you think was the number one option? He's not better player than any of the 20 listed, ofc not bc there is more to the game than efficient scoring. But he definitely was a first option; and his resume is absolutely top 50 material. He won a lot for someone who never had a superstar teammate. 0 3 Répondre paragon249 -10j How many does Butler have? 0 1 Répondre fitzvery ~10j Jerry West; Oscar Robertson; and Dwyane Wade were all comfortably more valuable then Reggie Longevity is great and all but |m taking 14 years of those guys over 18 years of Reggie no question about it Loved Reggie though. Dude played forever, never missed time; and produced some of the most iconic basketball memories of my childhood. Definitely left his mark on the game 4 1 Répondre Ao -10 j Comm. du 19 https://www reddit.comirinbalcommentsl /1/161bplreggie miller_is"", ""[chunk_id=2_12; source=Reddit 3.pdf]\noften overlooked. 117 Répondre fitzvery ~10j Modifié ya-10j Idk Reggie was great for a long time but saying he's more valuable then Jerry West; Oscar Robertson; or Dwyane Wade is wild 40 Répondre UniversityOk5928 -10 j Also great for a time for one franchise. 4 17 Répondre Optism? -10 j Wade still beats him easily cmon now Répondre UniversityOk5928 -10 j The question was who is the most valuable to a franchise. Yall love arguing without reading the question 0 42 Répondre réponses supplémentaires macandcheeser -10j don't think Reggie vs Wade is a wild comparison: I'd agree Wade had the higher peak, but Reggie was a stud for a long time; and always available. Reggie is way ahead of Wade in career win shares. Reggie also slightly ahead in WS/48, and VORP . Wade ahead in BPM 4 Répondre GoblinTradingGuide Modifié il y a -10j What OP has illustrated is basically the reason why Reggie is in the Hall of Fame. know his selection was controversial but Reggie was a certified bucket getter. 258 Répondre mrtrollmaster ~10j Comm. du https:Ilwww reddit.comlrInbalcomments/1/161bplreggie miller_is the_most_efficient_first 12/36 point. long 410 j top optionl 12/06/2025 13:11 Reggie Miller is the most efficient first option in NBA playoff history rInba Accéder au contenu principal Se connecter 247 Répondre GoblinTradingGuide -10 j EntertainmentAOK -10 j mean if Tim Hardaway is in the HOF, Reggie definitely deserves to be there 21 Répondre Prestigious-Ad9921 -10 j Hardaway is? Oof. Ive started"", ""[chunk_id=2_4; source=Reddit 3.pdf]\ntalking about Western conference shooting Drexler, Mitch Richmond; Jeff Hornacek, etc. While the East had Jordan, Dumars, etc. That's the era the comment you're replying to is referring to 'when the East was better\"" Miller's era Edit: see we're addressing different sentences the comment you replied to. Confusing: Répondre Virgil_hawkinss -10 j https:llwww reddit.comlrInbalcomments/1l161bplreggie miller_is the_most_efficient_first 4/36 Lowry really scoring got Curry, every talking like guards from optionl 12/06/2025 13:11 Reggie Miller is the most efficient first option in NBA playoff history rInba Accéder au contenu principal Se connecter 3 réponses supplémentaires DevelopmentPretend68 ~10 j Yeah, was so confused reading that. Idk where all them upvotes came from. 4 1 Répondre 3 réponses supplémentaires GnRgr2 . -10j Dana Barros, Bj armstrong; and mookie blaylock all made asg in that era. Lowry absolutely wouldve been able to make one \"" Répondre trojan_man16 -10 j East was the better conference until Shaq went west and Jordan retired. Also Reggie was criminally underrated the first 1/3 of his career because the Pacers were a playoff team in a small market think Reggie's skills in the modern NBA are maximized and he gets a lot more accolades; and even maybe more playoff succes. 14 Répondre realfakejames -10j Comm. du top 1% When Reggie was playing there was one guard spot on the east every year guys had to compete for because the other automatically was Michael Jordan Imao 4""]","[""Miller could be taken out of a game more easily than other first options because his shot creation game relied so much on moving off ball. Defenses could smother him off-ball and force him into playing off the dribble."", ""Reggie wasn't nearly as versatile a scorer as Jordan, LeBron, Kobe and Bird. He handled the ball much less, made fewer plays for others and drove the ball less."", ""The offense was built around him, but not necessarily through him.""]","['Miller could be taken out of a game more easily than other first options because his shot creation game relied so much on moving off ball. Defenses could smother him off-ball and force him into playing off the dribble.', ""Reggie wasn't nearly as versatile a scorer as Jordan, LeBron, Kobe and Bird. He handled the ball much less, made fewer plays for others and drove the ball less."", 'The offense was built around him, but not necessarily through him.']",1.0,0.8550288298625787
